<annotation>
	<folder>component-1</folder>
	<filename>component-1_50.jpg</filename>
	<path>A:\assemble\component-1\component-1_50.jpg</path>
	<source>
		<database>Unknown</database>
	</source>
	<size>
		<width>800</width>
		<height>600</height>
		<depth>3</depth>
	</size>
	<segmented>0</segmented>
	<object>
		<name>axis-3</name>
		<pose>Unspecified</pose>
		<truncated>0</truncated>
		<difficult>0</difficult>
		<bndbox>
			<xmin>204</xmin>
			<ymin>140</ymin>
			<xmax>559</xmax>
			<ymax>306</ymax>
		</bndbox>
	</object>
</annotation>
