<annotation>
	<folder>component-1</folder>
	<filename>component-1_36.jpg</filename>
	<path>A:\assemble\component-1\component-1_36.jpg</path>
	<source>
		<database>Unknown</database>
	</source>
	<size>
		<width>800</width>
		<height>600</height>
		<depth>3</depth>
	</size>
	<segmented>0</segmented>
	<object>
		<name>cap-2</name>
		<pose>Unspecified</pose>
		<truncated>0</truncated>
		<difficult>0</difficult>
		<bndbox>
			<xmin>306</xmin>
			<ymin>282</ymin>
			<xmax>470</xmax>
			<ymax>446</ymax>
		</bndbox>
	</object>
	<object>
		<name>gear-3</name>
		<pose>Unspecified</pose>
		<truncated>0</truncated>
		<difficult>0</difficult>
		<bndbox>
			<xmin>109</xmin>
			<ymin>62</ymin>
			<xmax>343</xmax>
			<ymax>299</ymax>
		</bndbox>
	</object>
</annotation>
