<annotation>
	<folder>component-1</folder>
	<filename>component-1_40.jpg</filename>
	<path>A:\assemble\component-1\component-1_40.jpg</path>
	<source>
		<database>Unknown</database>
	</source>
	<size>
		<width>800</width>
		<height>600</height>
		<depth>3</depth>
	</size>
	<segmented>0</segmented>
	<object>
		<name>cap-2</name>
		<pose>Unspecified</pose>
		<truncated>0</truncated>
		<difficult>0</difficult>
		<bndbox>
			<xmin>84</xmin>
			<ymin>78</ymin>
			<xmax>245</xmax>
			<ymax>246</ymax>
		</bndbox>
	</object>
	<object>
		<name>gear-3</name>
		<pose>Unspecified</pose>
		<truncated>0</truncated>
		<difficult>0</difficult>
		<bndbox>
			<xmin>216</xmin>
			<ymin>208</ymin>
			<xmax>449</xmax>
			<ymax>443</ymax>
		</bndbox>
	</object>
</annotation>
