<annotation>
	<folder>component-1</folder>
	<filename>component-1_224.jpg</filename>
	<path>A:\assemble\component-1\component-1_224.jpg</path>
	<source>
		<database>Unknown</database>
	</source>
	<size>
		<width>800</width>
		<height>600</height>
		<depth>3</depth>
	</size>
	<segmented>0</segmented>
	<object>
		<name>gear-2</name>
		<pose>Unspecified</pose>
		<truncated>0</truncated>
		<difficult>0</difficult>
		<bndbox>
			<xmin>479</xmin>
			<ymin>51</ymin>
			<xmax>632</xmax>
			<ymax>203</ymax>
		</bndbox>
	</object>
	<object>
		<name>case-2</name>
		<pose>Unspecified</pose>
		<truncated>0</truncated>
		<difficult>0</difficult>
		<bndbox>
			<xmin>61</xmin>
			<ymin>190</ymin>
			<xmax>667</xmax>
			<ymax>484</ymax>
		</bndbox>
	</object>
</annotation>
