<annotation>
	<folder>component-1</folder>
	<filename>component-1_94.jpg</filename>
	<path>A:\assemble\component-1\component-1_94.jpg</path>
	<source>
		<database>Unknown</database>
	</source>
	<size>
		<width>800</width>
		<height>600</height>
		<depth>3</depth>
	</size>
	<segmented>0</segmented>
	<object>
		<name>axis-2</name>
		<pose>Unspecified</pose>
		<truncated>0</truncated>
		<difficult>0</difficult>
		<bndbox>
			<xmin>451</xmin>
			<ymin>374</ymin>
			<xmax>688</xmax>
			<ymax>474</ymax>
		</bndbox>
	</object>
	<object>
		<name>axis-3</name>
		<pose>Unspecified</pose>
		<truncated>0</truncated>
		<difficult>0</difficult>
		<bndbox>
			<xmin>220</xmin>
			<ymin>100</ymin>
			<xmax>504</xmax>
			<ymax>380</ymax>
		</bndbox>
	</object>
	<object>
		<name>cap-3</name>
		<pose>Unspecified</pose>
		<truncated>0</truncated>
		<difficult>0</difficult>
		<bndbox>
			<xmin>554</xmin>
			<ymin>130</ymin>
			<xmax>689</xmax>
			<ymax>281</ymax>
		</bndbox>
	</object>
	<object>
		<name>gear-2</name>
		<pose>Unspecified</pose>
		<truncated>0</truncated>
		<difficult>0</difficult>
		<bndbox>
			<xmin>42</xmin>
			<ymin>390</ymin>
			<xmax>195</xmax>
			<ymax>542</ymax>
		</bndbox>
	</object>
	<object>
		<name>bearing-1</name>
		<pose>Unspecified</pose>
		<truncated>0</truncated>
		<difficult>0</difficult>
		<bndbox>
			<xmin>270</xmin>
			<ymin>326</ymin>
			<xmax>361</xmax>
			<ymax>412</ymax>
		</bndbox>
	</object>
	<object>
		<name>bearing-1</name>
		<pose>Unspecified</pose>
		<truncated>0</truncated>
		<difficult>0</difficult>
		<bndbox>
			<xmin>444</xmin>
			<ymin>474</ymin>
			<xmax>552</xmax>
			<ymax>581</ymax>
		</bndbox>
	</object>
	<object>
		<name>bearing-0</name>
		<pose>Unspecified</pose>
		<truncated>0</truncated>
		<difficult>0</difficult>
		<bndbox>
			<xmin>68</xmin>
			<ymin>135</ymin>
			<xmax>145</xmax>
			<ymax>210</ymax>
		</bndbox>
	</object>
</annotation>
