<annotation>
	<folder>component-1</folder>
	<filename>component-1_183.jpg</filename>
	<path>A:\assemble\component-1\component-1_183.jpg</path>
	<source>
		<database>Unknown</database>
	</source>
	<size>
		<width>800</width>
		<height>600</height>
		<depth>3</depth>
	</size>
	<segmented>0</segmented>
	<object>
		<name>cap-1</name>
		<pose>Unspecified</pose>
		<truncated>0</truncated>
		<difficult>0</difficult>
		<bndbox>
			<xmin>282</xmin>
			<ymin>272</ymin>
			<xmax>447</xmax>
			<ymax>433</ymax>
		</bndbox>
	</object>
	<object>
		<name>cap-2</name>
		<pose>Unspecified</pose>
		<truncated>0</truncated>
		<difficult>0</difficult>
		<bndbox>
			<xmin>403</xmin>
			<ymin>429</ymin>
			<xmax>566</xmax>
			<ymax>587</ymax>
		</bndbox>
	</object>
</annotation>
