<annotation>
	<folder>component-1</folder>
	<filename>component-1_46.jpg</filename>
	<path>A:\assemble\component-1\component-1_46.jpg</path>
	<source>
		<database>Unknown</database>
	</source>
	<size>
		<width>800</width>
		<height>600</height>
		<depth>3</depth>
	</size>
	<segmented>0</segmented>
	<object>
		<name>cap-1</name>
		<pose>Unspecified</pose>
		<truncated>0</truncated>
		<difficult>0</difficult>
		<bndbox>
			<xmin>225</xmin>
			<ymin>299</ymin>
			<xmax>385</xmax>
			<ymax>459</ymax>
		</bndbox>
	</object>
	<object>
		<name>cap-2</name>
		<pose>Unspecified</pose>
		<truncated>0</truncated>
		<difficult>0</difficult>
		<bndbox>
			<xmin>172</xmin>
			<ymin>108</ymin>
			<xmax>333</xmax>
			<ymax>274</ymax>
		</bndbox>
	</object>
	<object>
		<name>gear-3</name>
		<pose>Unspecified</pose>
		<truncated>0</truncated>
		<difficult>0</difficult>
		<bndbox>
			<xmin>392</xmin>
			<ymin>133</ymin>
			<xmax>627</xmax>
			<ymax>369</ymax>
		</bndbox>
	</object>
</annotation>
