<annotation>
	<folder>component-1</folder>
	<filename>component-1_136.jpg</filename>
	<path>A:\assemble\component-1\component-1_136.jpg</path>
	<source>
		<database>Unknown</database>
	</source>
	<size>
		<width>800</width>
		<height>600</height>
		<depth>3</depth>
	</size>
	<segmented>0</segmented>
	<object>
		<name>cap-1</name>
		<pose>Unspecified</pose>
		<truncated>0</truncated>
		<difficult>0</difficult>
		<bndbox>
			<xmin>418</xmin>
			<ymin>238</ymin>
			<xmax>579</xmax>
			<ymax>403</ymax>
		</bndbox>
	</object>
	<object>
		<name>cap-2</name>
		<pose>Unspecified</pose>
		<truncated>0</truncated>
		<difficult>0</difficult>
		<bndbox>
			<xmin>405</xmin>
			<ymin>428</ymin>
			<xmax>566</xmax>
			<ymax>590</ymax>
		</bndbox>
	</object>
	<object>
		<name>cap-3</name>
		<pose>Unspecified</pose>
		<truncated>0</truncated>
		<difficult>0</difficult>
		<bndbox>
			<xmin>150</xmin>
			<ymin>434</ymin>
			<xmax>288</xmax>
			<ymax>556</ymax>
		</bndbox>
	</object>
	<object>
		<name>gear-2</name>
		<pose>Unspecified</pose>
		<truncated>0</truncated>
		<difficult>0</difficult>
		<bndbox>
			<xmin>436</xmin>
			<ymin>81</ymin>
			<xmax>589</xmax>
			<ymax>235</ymax>
		</bndbox>
	</object>
	<object>
		<name>cap-4</name>
		<pose>Unspecified</pose>
		<truncated>0</truncated>
		<difficult>0</difficult>
		<bndbox>
			<xmin>623</xmin>
			<ymin>146</ymin>
			<xmax>752</xmax>
			<ymax>285</ymax>
		</bndbox>
	</object>
	<object>
		<name>bearing-1</name>
		<pose>Unspecified</pose>
		<truncated>0</truncated>
		<difficult>0</difficult>
		<bndbox>
			<xmin>298</xmin>
			<ymin>456</ymin>
			<xmax>386</xmax>
			<ymax>544</ymax>
		</bndbox>
	</object>
	<object>
		<name>bearing-1</name>
		<pose>Unspecified</pose>
		<truncated>0</truncated>
		<difficult>0</difficult>
		<bndbox>
			<xmin>292</xmin>
			<ymin>332</ymin>
			<xmax>399</xmax>
			<ymax>439</ymax>
		</bndbox>
	</object>
	<object>
		<name>bearing-0</name>
		<pose>Unspecified</pose>
		<truncated>0</truncated>
		<difficult>0</difficult>
		<bndbox>
			<xmin>39</xmin>
			<ymin>233</ymin>
			<xmax>116</xmax>
			<ymax>312</ymax>
		</bndbox>
	</object>
</annotation>
