<annotation>
	<folder>component-1</folder>
	<filename>component-1_223.jpg</filename>
	<path>A:\assemble\component-1\component-1_223.jpg</path>
	<source>
		<database>Unknown</database>
	</source>
	<size>
		<width>800</width>
		<height>600</height>
		<depth>3</depth>
	</size>
	<segmented>0</segmented>
	<object>
		<name>gear-2</name>
		<pose>Unspecified</pose>
		<truncated>0</truncated>
		<difficult>0</difficult>
		<bndbox>
			<xmin>480</xmin>
			<ymin>50</ymin>
			<xmax>634</xmax>
			<ymax>201</ymax>
		</bndbox>
	</object>
	<object>
		<name>case-2</name>
		<pose>Unspecified</pose>
		<truncated>0</truncated>
		<difficult>0</difficult>
		<bndbox>
			<xmin>85</xmin>
			<ymin>197</ymin>
			<xmax>688</xmax>
			<ymax>492</ymax>
		</bndbox>
	</object>
</annotation>
