<annotation>
	<folder>component-1</folder>
	<filename>component-1_198.jpg</filename>
	<path>A:\assemble\component-1\component-1_198.jpg</path>
	<source>
		<database>Unknown</database>
	</source>
	<size>
		<width>800</width>
		<height>600</height>
		<depth>3</depth>
	</size>
	<segmented>0</segmented>
	<object>
		<name>axis-1</name>
		<pose>Unspecified</pose>
		<truncated>0</truncated>
		<difficult>0</difficult>
		<bndbox>
			<xmin>478</xmin>
			<ymin>157</ymin>
			<xmax>554</xmax>
			<ymax>527</ymax>
		</bndbox>
	</object>
	<object>
		<name>axis-2</name>
		<pose>Unspecified</pose>
		<truncated>0</truncated>
		<difficult>0</difficult>
		<bndbox>
			<xmin>576</xmin>
			<ymin>201</ymin>
			<xmax>683</xmax>
			<ymax>438</ymax>
		</bndbox>
	</object>
	<object>
		<name>axis-3</name>
		<pose>Unspecified</pose>
		<truncated>0</truncated>
		<difficult>0</difficult>
		<bndbox>
			<xmin>97</xmin>
			<ymin>447</ymin>
			<xmax>468</xmax>
			<ymax>523</ymax>
		</bndbox>
	</object>
	<object>
		<name>cap-2</name>
		<pose>Unspecified</pose>
		<truncated>0</truncated>
		<difficult>0</difficult>
		<bndbox>
			<xmin>65</xmin>
			<ymin>8</ymin>
			<xmax>233</xmax>
			<ymax>175</ymax>
		</bndbox>
	</object>
</annotation>
