<annotation>
	<folder>component-1</folder>
	<filename>component-1_64.jpg</filename>
	<path>A:\assemble\component-1\component-1_64.jpg</path>
	<source>
		<database>Unknown</database>
	</source>
	<size>
		<width>800</width>
		<height>600</height>
		<depth>3</depth>
	</size>
	<segmented>0</segmented>
	<object>
		<name>cap-3</name>
		<pose>Unspecified</pose>
		<truncated>0</truncated>
		<difficult>0</difficult>
		<bndbox>
			<xmin>245</xmin>
			<ymin>184</ymin>
			<xmax>396</xmax>
			<ymax>337</ymax>
		</bndbox>
	</object>
</annotation>
