<annotation>
	<folder>component-1</folder>
	<filename>component-1_42.jpg</filename>
	<path>A:\assemble\component-1\component-1_42.jpg</path>
	<source>
		<database>Unknown</database>
	</source>
	<size>
		<width>800</width>
		<height>600</height>
		<depth>3</depth>
	</size>
	<segmented>0</segmented>
	<object>
		<name>cap-2</name>
		<pose>Unspecified</pose>
		<truncated>0</truncated>
		<difficult>0</difficult>
		<bndbox>
			<xmin>228</xmin>
			<ymin>324</ymin>
			<xmax>390</xmax>
			<ymax>487</ymax>
		</bndbox>
	</object>
	<object>
		<name>gear-3</name>
		<pose>Unspecified</pose>
		<truncated>0</truncated>
		<difficult>0</difficult>
		<bndbox>
			<xmin>420</xmin>
			<ymin>297</ymin>
			<xmax>652</xmax>
			<ymax>529</ymax>
		</bndbox>
	</object>
</annotation>
