<annotation>
	<folder>component-1</folder>
	<filename>component-1_43.jpg</filename>
	<path>A:\assemble\component-1\component-1_43.jpg</path>
	<source>
		<database>Unknown</database>
	</source>
	<size>
		<width>800</width>
		<height>600</height>
		<depth>3</depth>
	</size>
	<segmented>0</segmented>
	<object>
		<name>cap-2</name>
		<pose>Unspecified</pose>
		<truncated>0</truncated>
		<difficult>0</difficult>
		<bndbox>
			<xmin>170</xmin>
			<ymin>113</ymin>
			<xmax>331</xmax>
			<ymax>279</ymax>
		</bndbox>
	</object>
	<object>
		<name>gear-3</name>
		<pose>Unspecified</pose>
		<truncated>0</truncated>
		<difficult>0</difficult>
		<bndbox>
			<xmin>393</xmin>
			<ymin>133</ymin>
			<xmax>629</xmax>
			<ymax>369</ymax>
		</bndbox>
	</object>
</annotation>
