<annotation>
	<folder>component-1</folder>
	<filename>component-1_188.jpg</filename>
	<path>A:\assemble\component-1\component-1_188.jpg</path>
	<source>
		<database>Unknown</database>
	</source>
	<size>
		<width>800</width>
		<height>600</height>
		<depth>3</depth>
	</size>
	<segmented>0</segmented>
	<object>
		<name>cap-1</name>
		<pose>Unspecified</pose>
		<truncated>0</truncated>
		<difficult>0</difficult>
		<bndbox>
			<xmin>122</xmin>
			<ymin>75</ymin>
			<xmax>287</xmax>
			<ymax>241</ymax>
		</bndbox>
	</object>
	<object>
		<name>cap-2</name>
		<pose>Unspecified</pose>
		<truncated>0</truncated>
		<difficult>0</difficult>
		<bndbox>
			<xmin>402</xmin>
			<ymin>428</ymin>
			<xmax>565</xmax>
			<ymax>590</ymax>
		</bndbox>
	</object>
</annotation>
