<annotation>
	<folder>component-1</folder>
	<filename>component-1_41.jpg</filename>
	<path>A:\assemble\component-1\component-1_41.jpg</path>
	<source>
		<database>Unknown</database>
	</source>
	<size>
		<width>800</width>
		<height>600</height>
		<depth>3</depth>
	</size>
	<segmented>0</segmented>
	<object>
		<name>cap-2</name>
		<pose>Unspecified</pose>
		<truncated>0</truncated>
		<difficult>0</difficult>
		<bndbox>
			<xmin>243</xmin>
			<ymin>165</ymin>
			<xmax>405</xmax>
			<ymax>329</ymax>
		</bndbox>
	</object>
	<object>
		<name>gear-3</name>
		<pose>Unspecified</pose>
		<truncated>0</truncated>
		<difficult>0</difficult>
		<bndbox>
			<xmin>457</xmin>
			<ymin>259</ymin>
			<xmax>690</xmax>
			<ymax>488</ymax>
		</bndbox>
	</object>
</annotation>
