<annotation>
	<folder>component-1</folder>
	<filename>component-1_222.jpg</filename>
	<path>A:\assemble\component-1\component-1_222.jpg</path>
	<source>
		<database>Unknown</database>
	</source>
	<size>
		<width>800</width>
		<height>600</height>
		<depth>3</depth>
	</size>
	<segmented>0</segmented>
	<object>
		<name>gear-2</name>
		<pose>Unspecified</pose>
		<truncated>0</truncated>
		<difficult>0</difficult>
		<bndbox>
			<xmin>481</xmin>
			<ymin>49</ymin>
			<xmax>632</xmax>
			<ymax>205</ymax>
		</bndbox>
	</object>
	<object>
		<name>case-2</name>
		<pose>Unspecified</pose>
		<truncated>0</truncated>
		<difficult>0</difficult>
		<bndbox>
			<xmin>95</xmin>
			<ymin>201</ymin>
			<xmax>699</xmax>
			<ymax>491</ymax>
		</bndbox>
	</object>
</annotation>
