<annotation>
	<folder>component-1</folder>
	<filename>component-1_23.jpg</filename>
	<path>A:\assemble\component-1\component-1_23.jpg</path>
	<source>
		<database>Unknown</database>
	</source>
	<size>
		<width>800</width>
		<height>600</height>
		<depth>3</depth>
	</size>
	<segmented>0</segmented>
	<object>
		<name>cap-1</name>
		<pose>Unspecified</pose>
		<truncated>0</truncated>
		<difficult>0</difficult>
		<bndbox>
			<xmin>437</xmin>
			<ymin>65</ymin>
			<xmax>600</xmax>
			<ymax>228</ymax>
		</bndbox>
	</object>
	<object>
		<name>bearing-1</name>
		<pose>Unspecified</pose>
		<truncated>0</truncated>
		<difficult>0</difficult>
		<bndbox>
			<xmin>175</xmin>
			<ymin>49</ymin>
			<xmax>277</xmax>
			<ymax>155</ymax>
		</bndbox>
	</object>
	<object>
		<name>bearing-1</name>
		<pose>Unspecified</pose>
		<truncated>0</truncated>
		<difficult>0</difficult>
		<bndbox>
			<xmin>259</xmin>
			<ymin>313</ymin>
			<xmax>365</xmax>
			<ymax>417</ymax>
		</bndbox>
	</object>
</annotation>
