<annotation>
	<folder>component-1</folder>
	<filename>component-1_140.jpg</filename>
	<path>A:\assemble\component-1\component-1_140.jpg</path>
	<source>
		<database>Unknown</database>
	</source>
	<size>
		<width>800</width>
		<height>600</height>
		<depth>3</depth>
	</size>
	<segmented>0</segmented>
	<object>
		<name>cap-1</name>
		<pose>Unspecified</pose>
		<truncated>0</truncated>
		<difficult>0</difficult>
		<bndbox>
			<xmin>418</xmin>
			<ymin>238</ymin>
			<xmax>580</xmax>
			<ymax>403</ymax>
		</bndbox>
	</object>
	<object>
		<name>cap-2</name>
		<pose>Unspecified</pose>
		<truncated>0</truncated>
		<difficult>0</difficult>
		<bndbox>
			<xmin>405</xmin>
			<ymin>429</ymin>
			<xmax>565</xmax>
			<ymax>590</ymax>
		</bndbox>
	</object>
	<object>
		<name>cap-3</name>
		<pose>Unspecified</pose>
		<truncated>0</truncated>
		<difficult>0</difficult>
		<bndbox>
			<xmin>79</xmin>
			<ymin>325</ymin>
			<xmax>220</xmax>
			<ymax>465</ymax>
		</bndbox>
	</object>
	<object>
		<name>gear-2</name>
		<pose>Unspecified</pose>
		<truncated>0</truncated>
		<difficult>0</difficult>
		<bndbox>
			<xmin>437</xmin>
			<ymin>83</ymin>
			<xmax>588</xmax>
			<ymax>235</ymax>
		</bndbox>
	</object>
	<object>
		<name>cap-4</name>
		<pose>Unspecified</pose>
		<truncated>0</truncated>
		<difficult>0</difficult>
		<bndbox>
			<xmin>624</xmin>
			<ymin>143</ymin>
			<xmax>752</xmax>
			<ymax>285</ymax>
		</bndbox>
	</object>
	<object>
		<name>bearing-1</name>
		<pose>Unspecified</pose>
		<truncated>0</truncated>
		<difficult>0</difficult>
		<bndbox>
			<xmin>296</xmin>
			<ymin>455</ymin>
			<xmax>388</xmax>
			<ymax>543</ymax>
		</bndbox>
	</object>
	<object>
		<name>bearing-1</name>
		<pose>Unspecified</pose>
		<truncated>0</truncated>
		<difficult>0</difficult>
		<bndbox>
			<xmin>292</xmin>
			<ymin>333</ymin>
			<xmax>397</xmax>
			<ymax>439</ymax>
		</bndbox>
	</object>
</annotation>
