<annotation>
	<folder>component-1</folder>
	<filename>component-1_80.jpg</filename>
	<path>A:\assemble\component-1\component-1_80.jpg</path>
	<source>
		<database>Unknown</database>
	</source>
	<size>
		<width>800</width>
		<height>600</height>
		<depth>3</depth>
	</size>
	<segmented>0</segmented>
	<object>
		<name>axis-1</name>
		<pose>Unspecified</pose>
		<truncated>0</truncated>
		<difficult>0</difficult>
		<bndbox>
			<xmin>268</xmin>
			<ymin>327</ymin>
			<xmax>600</xmax>
			<ymax>521</ymax>
		</bndbox>
	</object>
	<object>
		<name>axis-3</name>
		<pose>Unspecified</pose>
		<truncated>0</truncated>
		<difficult>0</difficult>
		<bndbox>
			<xmin>96</xmin>
			<ymin>285</ymin>
			<xmax>467</xmax>
			<ymax>364</ymax>
		</bndbox>
	</object>
	<object>
		<name>cap-3</name>
		<pose>Unspecified</pose>
		<truncated>0</truncated>
		<difficult>0</difficult>
		<bndbox>
			<xmin>536</xmin>
			<ymin>103</ymin>
			<xmax>681</xmax>
			<ymax>256</ymax>
		</bndbox>
	</object>
	<object>
		<name>bearing-1</name>
		<pose>Unspecified</pose>
		<truncated>0</truncated>
		<difficult>0</difficult>
		<bndbox>
			<xmin>79</xmin>
			<ymin>126</ymin>
			<xmax>168</xmax>
			<ymax>218</ymax>
		</bndbox>
	</object>
	<object>
		<name>bearing-1</name>
		<pose>Unspecified</pose>
		<truncated>0</truncated>
		<difficult>0</difficult>
		<bndbox>
			<xmin>303</xmin>
			<ymin>147</ymin>
			<xmax>408</xmax>
			<ymax>251</ymax>
		</bndbox>
	</object>
	<object>
		<name>bearing-0</name>
		<pose>Unspecified</pose>
		<truncated>0</truncated>
		<difficult>0</difficult>
		<bndbox>
			<xmin>423</xmin>
			<ymin>217</ymin>
			<xmax>500</xmax>
			<ymax>294</ymax>
		</bndbox>
	</object>
	<object>
		<name>bearing-0</name>
		<pose>Unspecified</pose>
		<truncated>0</truncated>
		<difficult>0</difficult>
		<bndbox>
			<xmin>556</xmin>
			<ymin>432</ymin>
			<xmax>634</xmax>
			<ymax>512</ymax>
		</bndbox>
	</object>
</annotation>
