<annotation>
	<folder>component-1</folder>
	<filename>component-1_88.jpg</filename>
	<path>A:\assemble\component-1\component-1_88.jpg</path>
	<source>
		<database>Unknown</database>
	</source>
	<size>
		<width>800</width>
		<height>600</height>
		<depth>3</depth>
	</size>
	<segmented>0</segmented>
	<object>
		<name>axis-1</name>
		<pose>Unspecified</pose>
		<truncated>0</truncated>
		<difficult>0</difficult>
		<bndbox>
			<xmin>270</xmin>
			<ymin>322</ymin>
			<xmax>597</xmax>
			<ymax>523</ymax>
		</bndbox>
	</object>
	<object>
		<name>axis-2</name>
		<pose>Unspecified</pose>
		<truncated>0</truncated>
		<difficult>0</difficult>
		<bndbox>
			<xmin>36</xmin>
			<ymin>263</ymin>
			<xmax>272</xmax>
			<ymax>372</ymax>
		</bndbox>
	</object>
	<object>
		<name>axis-3</name>
		<pose>Unspecified</pose>
		<truncated>0</truncated>
		<difficult>0</difficult>
		<bndbox>
			<xmin>125</xmin>
			<ymin>18</ymin>
			<xmax>412</xmax>
			<ymax>294</ymax>
		</bndbox>
	</object>
	<object>
		<name>cap-3</name>
		<pose>Unspecified</pose>
		<truncated>0</truncated>
		<difficult>0</difficult>
		<bndbox>
			<xmin>555</xmin>
			<ymin>131</ymin>
			<xmax>689</xmax>
			<ymax>280</ymax>
		</bndbox>
	</object>
	<object>
		<name>gear-2</name>
		<pose>Unspecified</pose>
		<truncated>0</truncated>
		<difficult>0</difficult>
		<bndbox>
			<xmin>40</xmin>
			<ymin>390</ymin>
			<xmax>193</xmax>
			<ymax>543</ymax>
		</bndbox>
	</object>
	<object>
		<name>bearing-1</name>
		<pose>Unspecified</pose>
		<truncated>0</truncated>
		<difficult>0</difficult>
		<bndbox>
			<xmin>270</xmin>
			<ymin>321</ymin>
			<xmax>362</xmax>
			<ymax>414</ymax>
		</bndbox>
	</object>
	<object>
		<name>bearing-1</name>
		<pose>Unspecified</pose>
		<truncated>0</truncated>
		<difficult>0</difficult>
		<bndbox>
			<xmin>445</xmin>
			<ymin>479</ymin>
			<xmax>552</xmax>
			<ymax>579</ymax>
		</bndbox>
	</object>
	<object>
		<name>bearing-0</name>
		<pose>Unspecified</pose>
		<truncated>0</truncated>
		<difficult>0</difficult>
		<bndbox>
			<xmin>428</xmin>
			<ymin>214</ymin>
			<xmax>506</xmax>
			<ymax>294</ymax>
		</bndbox>
	</object>
</annotation>
