<annotation>
	<folder>component-1</folder>
	<filename>component-1_45.jpg</filename>
	<path>A:\assemble\component-1\component-1_45.jpg</path>
	<source>
		<database>Unknown</database>
	</source>
	<size>
		<width>800</width>
		<height>600</height>
		<depth>3</depth>
	</size>
	<segmented>0</segmented>
	<object>
		<name>cap-1</name>
		<pose>Unspecified</pose>
		<truncated>0</truncated>
		<difficult>0</difficult>
		<bndbox>
			<xmin>122</xmin>
			<ymin>301</ymin>
			<xmax>283</xmax>
			<ymax>461</ymax>
		</bndbox>
	</object>
	<object>
		<name>cap-2</name>
		<pose>Unspecified</pose>
		<truncated>0</truncated>
		<difficult>0</difficult>
		<bndbox>
			<xmin>168</xmin>
			<ymin>108</ymin>
			<xmax>334</xmax>
			<ymax>274</ymax>
		</bndbox>
	</object>
	<object>
		<name>gear-3</name>
		<pose>Unspecified</pose>
		<truncated>0</truncated>
		<difficult>0</difficult>
		<bndbox>
			<xmin>391</xmin>
			<ymin>133</ymin>
			<xmax>628</xmax>
			<ymax>370</ymax>
		</bndbox>
	</object>
</annotation>
