<annotation>
	<folder>component-1</folder>
	<filename>component-1_95.jpg</filename>
	<path>A:\assemble\component-1\component-1_95.jpg</path>
	<source>
		<database>Unknown</database>
	</source>
	<size>
		<width>800</width>
		<height>600</height>
		<depth>3</depth>
	</size>
	<segmented>0</segmented>
	<object>
		<name>axis-2</name>
		<pose>Unspecified</pose>
		<truncated>0</truncated>
		<difficult>0</difficult>
		<bndbox>
			<xmin>184</xmin>
			<ymin>259</ymin>
			<xmax>293</xmax>
			<ymax>492</ymax>
		</bndbox>
	</object>
	<object>
		<name>axis-3</name>
		<pose>Unspecified</pose>
		<truncated>0</truncated>
		<difficult>0</difficult>
		<bndbox>
			<xmin>217</xmin>
			<ymin>101</ymin>
			<xmax>503</xmax>
			<ymax>379</ymax>
		</bndbox>
	</object>
	<object>
		<name>cap-3</name>
		<pose>Unspecified</pose>
		<truncated>0</truncated>
		<difficult>0</difficult>
		<bndbox>
			<xmin>554</xmin>
			<ymin>130</ymin>
			<xmax>688</xmax>
			<ymax>280</ymax>
		</bndbox>
	</object>
</annotation>
