<annotation>
	<folder>component-1</folder>
	<filename>component-1_22.jpg</filename>
	<path>A:\assemble\component-1\component-1_22.jpg</path>
	<source>
		<database>Unknown</database>
	</source>
	<size>
		<width>800</width>
		<height>600</height>
		<depth>3</depth>
	</size>
	<segmented>0</segmented>
	<object>
		<name>cap-1</name>
		<pose>Unspecified</pose>
		<truncated>0</truncated>
		<difficult>0</difficult>
		<bndbox>
			<xmin>439</xmin>
			<ymin>63</ymin>
			<xmax>600</xmax>
			<ymax>229</ymax>
		</bndbox>
	</object>
	<object>
		<name>bearing-1</name>
		<pose>Unspecified</pose>
		<truncated>0</truncated>
		<difficult>0</difficult>
		<bndbox>
			<xmin>234</xmin>
			<ymin>163</ymin>
			<xmax>337</xmax>
			<ymax>269</ymax>
		</bndbox>
	</object>
	<object>
		<name>bearing-1</name>
		<pose>Unspecified</pose>
		<truncated>0</truncated>
		<difficult>0</difficult>
		<bndbox>
			<xmin>474</xmin>
			<ymin>328</ymin>
			<xmax>580</xmax>
			<ymax>433</ymax>
		</bndbox>
	</object>
</annotation>
