<annotation>
	<folder>component-1</folder>
	<filename>component-1_38.jpg</filename>
	<path>A:\assemble\component-1\component-1_38.jpg</path>
	<source>
		<database>Unknown</database>
	</source>
	<size>
		<width>800</width>
		<height>600</height>
		<depth>3</depth>
	</size>
	<segmented>0</segmented>
	<object>
		<name>cap-2</name>
		<pose>Unspecified</pose>
		<truncated>0</truncated>
		<difficult>0</difficult>
		<bndbox>
			<xmin>140</xmin>
			<ymin>128</ymin>
			<xmax>302</xmax>
			<ymax>293</ymax>
		</bndbox>
	</object>
	<object>
		<name>gear-3</name>
		<pose>Unspecified</pose>
		<truncated>0</truncated>
		<difficult>0</difficult>
		<bndbox>
			<xmin>311</xmin>
			<ymin>146</ymin>
			<xmax>544</xmax>
			<ymax>379</ymax>
		</bndbox>
	</object>
</annotation>
