<annotation>
	<folder>component-1</folder>
	<filename>component-1_37.jpg</filename>
	<path>A:\assemble\component-1\component-1_37.jpg</path>
	<source>
		<database>Unknown</database>
	</source>
	<size>
		<width>800</width>
		<height>600</height>
		<depth>3</depth>
	</size>
	<segmented>0</segmented>
	<object>
		<name>cap-2</name>
		<pose>Unspecified</pose>
		<truncated>0</truncated>
		<difficult>0</difficult>
		<bndbox>
			<xmin>108</xmin>
			<ymin>229</ymin>
			<xmax>268</xmax>
			<ymax>394</ymax>
		</bndbox>
	</object>
	<object>
		<name>gear-3</name>
		<pose>Unspecified</pose>
		<truncated>0</truncated>
		<difficult>0</difficult>
		<bndbox>
			<xmin>284</xmin>
			<ymin>53</ymin>
			<xmax>520</xmax>
			<ymax>290</ymax>
		</bndbox>
	</object>
</annotation>
