<annotation>
	<folder>component-1</folder>
	<filename>component-1_33.jpg</filename>
	<path>A:\assemble\component-1\component-1_33.jpg</path>
	<source>
		<database>Unknown</database>
	</source>
	<size>
		<width>800</width>
		<height>600</height>
		<depth>3</depth>
	</size>
	<segmented>0</segmented>
	<object>
		<name>cap-2</name>
		<pose>Unspecified</pose>
		<truncated>0</truncated>
		<difficult>0</difficult>
		<bndbox>
			<xmin>409</xmin>
			<ymin>215</ymin>
			<xmax>571</xmax>
			<ymax>379</ymax>
		</bndbox>
	</object>
	<object>
		<name>gear-3</name>
		<pose>Unspecified</pose>
		<truncated>0</truncated>
		<difficult>0</difficult>
		<bndbox>
			<xmin>132</xmin>
			<ymin>181</ymin>
			<xmax>367</xmax>
			<ymax>413</ymax>
		</bndbox>
	</object>
</annotation>
