<annotation>
	<folder>component-1</folder>
	<filename>component-1_21.jpg</filename>
	<path>A:\assemble\component-1\component-1_21.jpg</path>
	<source>
		<database>Unknown</database>
	</source>
	<size>
		<width>800</width>
		<height>600</height>
		<depth>3</depth>
	</size>
	<segmented>0</segmented>
	<object>
		<name>cap-1</name>
		<pose>Unspecified</pose>
		<truncated>0</truncated>
		<difficult>0</difficult>
		<bndbox>
			<xmin>341</xmin>
			<ymin>212</ymin>
			<xmax>500</xmax>
			<ymax>374</ymax>
		</bndbox>
	</object>
	<object>
		<name>bearing-1</name>
		<pose>Unspecified</pose>
		<truncated>0</truncated>
		<difficult>0</difficult>
		<bndbox>
			<xmin>232</xmin>
			<ymin>161</ymin>
			<xmax>337</xmax>
			<ymax>268</ymax>
		</bndbox>
	</object>
	<object>
		<name>bearing-1</name>
		<pose>Unspecified</pose>
		<truncated>0</truncated>
		<difficult>0</difficult>
		<bndbox>
			<xmin>472</xmin>
			<ymin>329</ymin>
			<xmax>579</xmax>
			<ymax>432</ymax>
		</bndbox>
	</object>
</annotation>
