<annotation>
	<folder>component-1</folder>
	<filename>component-1_19.jpg</filename>
	<path>A:\assemble\component-1\component-1_19.jpg</path>
	<source>
		<database>Unknown</database>
	</source>
	<size>
		<width>800</width>
		<height>600</height>
		<depth>3</depth>
	</size>
	<segmented>0</segmented>
	<object>
		<name>cap-1</name>
		<pose>Unspecified</pose>
		<truncated>0</truncated>
		<difficult>0</difficult>
		<bndbox>
			<xmin>340</xmin>
			<ymin>212</ymin>
			<xmax>502</xmax>
			<ymax>375</ymax>
		</bndbox>
	</object>
	<object>
		<name>bearing-1</name>
		<pose>Unspecified</pose>
		<truncated>0</truncated>
		<difficult>0</difficult>
		<bndbox>
			<xmin>148</xmin>
			<ymin>212</ymin>
			<xmax>255</xmax>
			<ymax>317</ymax>
		</bndbox>
	</object>
	<object>
		<name>bearing-1</name>
		<pose>Unspecified</pose>
		<truncated>0</truncated>
		<difficult>0</difficult>
		<bndbox>
			<xmin>231</xmin>
			<ymin>94</ymin>
			<xmax>337</xmax>
			<ymax>200</ymax>
		</bndbox>
	</object>
</annotation>
