<annotation>
	<folder>component-1</folder>
	<filename>component-1_181.jpg</filename>
	<path>A:\assemble\component-1\component-1_181.jpg</path>
	<source>
		<database>Unknown</database>
	</source>
	<size>
		<width>800</width>
		<height>600</height>
		<depth>3</depth>
	</size>
	<segmented>0</segmented>
	<object>
		<name>cap-1</name>
		<pose>Unspecified</pose>
		<truncated>0</truncated>
		<difficult>0</difficult>
		<bndbox>
			<xmin>416</xmin>
			<ymin>240</ymin>
			<xmax>579</xmax>
			<ymax>406</ymax>
		</bndbox>
	</object>
	<object>
		<name>cap-2</name>
		<pose>Unspecified</pose>
		<truncated>0</truncated>
		<difficult>0</difficult>
		<bndbox>
			<xmin>404</xmin>
			<ymin>430</ymin>
			<xmax>566</xmax>
			<ymax>589</ymax>
		</bndbox>
	</object>
	<object>
		<name>gear-2</name>
		<pose>Unspecified</pose>
		<truncated>0</truncated>
		<difficult>0</difficult>
		<bndbox>
			<xmin>72</xmin>
			<ymin>62</ymin>
			<xmax>223</xmax>
			<ymax>217</ymax>
		</bndbox>
	</object>
</annotation>
