<annotation>
	<folder>component-1</folder>
	<filename>component-1_74.jpg</filename>
	<path>A:\assemble\component-1\component-1_74.jpg</path>
	<source>
		<database>Unknown</database>
	</source>
	<size>
		<width>800</width>
		<height>600</height>
		<depth>3</depth>
	</size>
	<segmented>0</segmented>
	<object>
		<name>axis-2</name>
		<pose>Unspecified</pose>
		<truncated>0</truncated>
		<difficult>0</difficult>
		<bndbox>
			<xmin>234</xmin>
			<ymin>308</ymin>
			<xmax>465</xmax>
			<ymax>410</ymax>
		</bndbox>
	</object>
	<object>
		<name>axis-3</name>
		<pose>Unspecified</pose>
		<truncated>0</truncated>
		<difficult>0</difficult>
		<bndbox>
			<xmin>3</xmin>
			<ymin>444</ymin>
			<xmax>372</xmax>
			<ymax>517</ymax>
		</bndbox>
	</object>
	<object>
		<name>cap-3</name>
		<pose>Unspecified</pose>
		<truncated>0</truncated>
		<difficult>0</difficult>
		<bndbox>
			<xmin>536</xmin>
			<ymin>103</ymin>
			<xmax>682</xmax>
			<ymax>256</ymax>
		</bndbox>
	</object>
	<object>
		<name>gear-3</name>
		<pose>Unspecified</pose>
		<truncated>0</truncated>
		<difficult>0</difficult>
		<bndbox>
			<xmin>500</xmin>
			<ymin>367</ymin>
			<xmax>735</xmax>
			<ymax>596</ymax>
		</bndbox>
	</object>
	<object>
		<name>gear-2</name>
		<pose>Unspecified</pose>
		<truncated>0</truncated>
		<difficult>0</difficult>
		<bndbox>
			<xmin>7</xmin>
			<ymin>258</ymin>
			<xmax>158</xmax>
			<ymax>412</ymax>
		</bndbox>
	</object>
	<object>
		<name>bearing-1</name>
		<pose>Unspecified</pose>
		<truncated>0</truncated>
		<difficult>0</difficult>
		<bndbox>
			<xmin>78</xmin>
			<ymin>128</ymin>
			<xmax>169</xmax>
			<ymax>218</ymax>
		</bndbox>
	</object>
	<object>
		<name>bearing-1</name>
		<pose>Unspecified</pose>
		<truncated>0</truncated>
		<difficult>0</difficult>
		<bndbox>
			<xmin>302</xmin>
			<ymin>147</ymin>
			<xmax>406</xmax>
			<ymax>249</ymax>
		</bndbox>
	</object>
</annotation>
