<annotation>
	<folder>component-1</folder>
	<filename>component-1_28.jpg</filename>
	<path>A:\assemble\component-1\component-1_28.jpg</path>
	<source>
		<database>Unknown</database>
	</source>
	<size>
		<width>800</width>
		<height>600</height>
		<depth>3</depth>
	</size>
	<segmented>0</segmented>
	<object>
		<name>cap-2</name>
		<pose>Unspecified</pose>
		<truncated>0</truncated>
		<difficult>0</difficult>
		<bndbox>
			<xmin>354</xmin>
			<ymin>228</ymin>
			<xmax>515</xmax>
			<ymax>392</ymax>
		</bndbox>
	</object>
	<object>
		<name>gear-3</name>
		<pose>Unspecified</pose>
		<truncated>0</truncated>
		<difficult>0</difficult>
		<bndbox>
			<xmin>206</xmin>
			<ymin>4</ymin>
			<xmax>438</xmax>
			<ymax>240</ymax>
		</bndbox>
	</object>
</annotation>
