<annotation>
	<folder>component-1</folder>
	<filename>component-1_44.jpg</filename>
	<path>A:\assemble\component-1\component-1_44.jpg</path>
	<source>
		<database>Unknown</database>
	</source>
	<size>
		<width>800</width>
		<height>600</height>
		<depth>3</depth>
	</size>
	<segmented>0</segmented>
	<object>
		<name>cap-2</name>
		<pose>Unspecified</pose>
		<truncated>0</truncated>
		<difficult>0</difficult>
		<bndbox>
			<xmin>169</xmin>
			<ymin>111</ymin>
			<xmax>330</xmax>
			<ymax>278</ymax>
		</bndbox>
	</object>
	<object>
		<name>gear-3</name>
		<pose>Unspecified</pose>
		<truncated>0</truncated>
		<difficult>0</difficult>
		<bndbox>
			<xmin>392</xmin>
			<ymin>134</ymin>
			<xmax>628</xmax>
			<ymax>372</ymax>
		</bndbox>
	</object>
</annotation>
