<annotation>
	<folder>component-1</folder>
	<filename>component-1_25.jpg</filename>
	<path>A:\assemble\component-1\component-1_25.jpg</path>
	<source>
		<database>Unknown</database>
	</source>
	<size>
		<width>800</width>
		<height>600</height>
		<depth>3</depth>
	</size>
	<segmented>0</segmented>
	<object>
		<name>cap-1</name>
		<pose>Unspecified</pose>
		<truncated>0</truncated>
		<difficult>0</difficult>
		<bndbox>
			<xmin>438</xmin>
			<ymin>64</ymin>
			<xmax>600</xmax>
			<ymax>228</ymax>
		</bndbox>
	</object>
	<object>
		<name>bearing-1</name>
		<pose>Unspecified</pose>
		<truncated>0</truncated>
		<difficult>0</difficult>
		<bndbox>
			<xmin>290</xmin>
			<ymin>129</ymin>
			<xmax>393</xmax>
			<ymax>236</ymax>
		</bndbox>
	</object>
	<object>
		<name>bearing-1</name>
		<pose>Unspecified</pose>
		<truncated>0</truncated>
		<difficult>0</difficult>
		<bndbox>
			<xmin>260</xmin>
			<ymin>312</ymin>
			<xmax>364</xmax>
			<ymax>415</ymax>
		</bndbox>
	</object>
</annotation>
