<annotation>
	<folder>component-1</folder>
	<filename>component-1_1.jpg</filename>
	<path>A:\assemble\component-1\component-1_1.jpg</path>
	<source>
		<database>Unknown</database>
	</source>
	<size>
		<width>800</width>
		<height>600</height>
		<depth>3</depth>
	</size>
	<segmented>0</segmented>
	<object>
		<name>cap-1</name>
		<pose>Unspecified</pose>
		<truncated>0</truncated>
		<difficult>0</difficult>
		<bndbox>
			<xmin>302</xmin>
			<ymin>184</ymin>
			<xmax>468</xmax>
			<ymax>351</ymax>
		</bndbox>
	</object>
</annotation>
