<annotation>
	<folder>component-1</folder>
	<filename>component-1_187.jpg</filename>
	<path>A:\assemble\component-1\component-1_187.jpg</path>
	<source>
		<database>Unknown</database>
	</source>
	<size>
		<width>800</width>
		<height>600</height>
		<depth>3</depth>
	</size>
	<segmented>0</segmented>
	<object>
		<name>cap-1</name>
		<pose>Unspecified</pose>
		<truncated>0</truncated>
		<difficult>0</difficult>
		<bndbox>
			<xmin>167</xmin>
			<ymin>141</ymin>
			<xmax>330</xmax>
			<ymax>307</ymax>
		</bndbox>
	</object>
	<object>
		<name>cap-2</name>
		<pose>Unspecified</pose>
		<truncated>0</truncated>
		<difficult>0</difficult>
		<bndbox>
			<xmin>404</xmin>
			<ymin>429</ymin>
			<xmax>564</xmax>
			<ymax>590</ymax>
		</bndbox>
	</object>
</annotation>
