<annotation>
	<folder>component-1</folder>
	<filename>component-1_179.jpg</filename>
	<path>A:\assemble\component-1\component-1_179.jpg</path>
	<source>
		<database>Unknown</database>
	</source>
	<size>
		<width>800</width>
		<height>600</height>
		<depth>3</depth>
	</size>
	<segmented>0</segmented>
	<object>
		<name>cap-1</name>
		<pose>Unspecified</pose>
		<truncated>0</truncated>
		<difficult>0</difficult>
		<bndbox>
			<xmin>417</xmin>
			<ymin>240</ymin>
			<xmax>578</xmax>
			<ymax>404</ymax>
		</bndbox>
	</object>
	<object>
		<name>cap-2</name>
		<pose>Unspecified</pose>
		<truncated>0</truncated>
		<difficult>0</difficult>
		<bndbox>
			<xmin>404</xmin>
			<ymin>430</ymin>
			<xmax>565</xmax>
			<ymax>591</ymax>
		</bndbox>
	</object>
	<object>
		<name>gear-2</name>
		<pose>Unspecified</pose>
		<truncated>0</truncated>
		<difficult>0</difficult>
		<bndbox>
			<xmin>117</xmin>
			<ymin>138</ymin>
			<xmax>270</xmax>
			<ymax>294</ymax>
		</bndbox>
	</object>
</annotation>
