<annotation>
	<folder>component-1</folder>
	<filename>component-1_117.jpg</filename>
	<path>A:\assemble\component-1\component-1_117.jpg</path>
	<source>
		<database>Unknown</database>
	</source>
	<size>
		<width>800</width>
		<height>600</height>
		<depth>3</depth>
	</size>
	<segmented>0</segmented>
	<object>
		<name>cap-1</name>
		<pose>Unspecified</pose>
		<truncated>0</truncated>
		<difficult>0</difficult>
		<bndbox>
			<xmin>417</xmin>
			<ymin>238</ymin>
			<xmax>580</xmax>
			<ymax>404</ymax>
		</bndbox>
	</object>
	<object>
		<name>axis-1</name>
		<pose>Unspecified</pose>
		<truncated>1</truncated>
		<difficult>0</difficult>
		<bndbox>
			<xmin>1</xmin>
			<ymin>34</ymin>
			<xmax>358</xmax>
			<ymax>127</ymax>
		</bndbox>
	</object>
	<object>
		<name>axis-3</name>
		<pose>Unspecified</pose>
		<truncated>0</truncated>
		<difficult>0</difficult>
		<bndbox>
			<xmin>16</xmin>
			<ymin>231</ymin>
			<xmax>393</xmax>
			<ymax>307</ymax>
		</bndbox>
	</object>
	<object>
		<name>cap-2</name>
		<pose>Unspecified</pose>
		<truncated>0</truncated>
		<difficult>0</difficult>
		<bndbox>
			<xmin>410</xmin>
			<ymin>431</ymin>
			<xmax>570</xmax>
			<ymax>591</ymax>
		</bndbox>
	</object>
	<object>
		<name>cap-3</name>
		<pose>Unspecified</pose>
		<truncated>0</truncated>
		<difficult>0</difficult>
		<bndbox>
			<xmin>150</xmin>
			<ymin>435</ymin>
			<xmax>288</xmax>
			<ymax>556</ymax>
		</bndbox>
	</object>
	<object>
		<name>cap-4</name>
		<pose>Unspecified</pose>
		<truncated>0</truncated>
		<difficult>0</difficult>
		<bndbox>
			<xmin>624</xmin>
			<ymin>146</ymin>
			<xmax>752</xmax>
			<ymax>286</ymax>
		</bndbox>
	</object>
	<object>
		<name>gear-3</name>
		<pose>Unspecified</pose>
		<truncated>0</truncated>
		<difficult>0</difficult>
		<bndbox>
			<xmin>563</xmin>
			<ymin>333</ymin>
			<xmax>793</xmax>
			<ymax>563</ymax>
		</bndbox>
	</object>
	<object>
		<name>gear-2</name>
		<pose>Unspecified</pose>
		<truncated>0</truncated>
		<difficult>0</difficult>
		<bndbox>
			<xmin>437</xmin>
			<ymin>80</ymin>
			<xmax>588</xmax>
			<ymax>234</ymax>
		</bndbox>
	</object>
	<object>
		<name>bearing-1</name>
		<pose>Unspecified</pose>
		<truncated>0</truncated>
		<difficult>0</difficult>
		<bndbox>
			<xmin>297</xmin>
			<ymin>456</ymin>
			<xmax>386</xmax>
			<ymax>542</ymax>
		</bndbox>
	</object>
	<object>
		<name>bearing-1</name>
		<pose>Unspecified</pose>
		<truncated>0</truncated>
		<difficult>0</difficult>
		<bndbox>
			<xmin>292</xmin>
			<ymin>332</ymin>
			<xmax>395</xmax>
			<ymax>434</ymax>
		</bndbox>
	</object>
	<object>
		<name>bearing-0</name>
		<pose>Unspecified</pose>
		<truncated>0</truncated>
		<difficult>0</difficult>
		<bndbox>
			<xmin>41</xmin>
			<ymin>485</ymin>
			<xmax>118</xmax>
			<ymax>561</ymax>
		</bndbox>
	</object>
</annotation>
