<annotation>
	<folder>component-1</folder>
	<filename>component-1_225.jpg</filename>
	<path>A:\assemble\component-1\component-1_225.jpg</path>
	<source>
		<database>Unknown</database>
	</source>
	<size>
		<width>800</width>
		<height>600</height>
		<depth>3</depth>
	</size>
	<segmented>0</segmented>
	<object>
		<name>gear-2</name>
		<pose>Unspecified</pose>
		<truncated>0</truncated>
		<difficult>0</difficult>
		<bndbox>
			<xmin>482</xmin>
			<ymin>49</ymin>
			<xmax>632</xmax>
			<ymax>203</ymax>
		</bndbox>
	</object>
	<object>
		<name>case-2</name>
		<pose>Unspecified</pose>
		<truncated>0</truncated>
		<difficult>0</difficult>
		<bndbox>
			<xmin>52</xmin>
			<ymin>183</ymin>
			<xmax>659</xmax>
			<ymax>486</ymax>
		</bndbox>
	</object>
</annotation>
