<annotation>
	<folder>component-1</folder>
	<filename>component-1_96.jpg</filename>
	<path>A:\assemble\component-1\component-1_96.jpg</path>
	<source>
		<database>Unknown</database>
	</source>
	<size>
		<width>800</width>
		<height>600</height>
		<depth>3</depth>
	</size>
	<segmented>0</segmented>
	<object>
		<name>axis-2</name>
		<pose>Unspecified</pose>
		<truncated>0</truncated>
		<difficult>0</difficult>
		<bndbox>
			<xmin>184</xmin>
			<ymin>258</ymin>
			<xmax>293</xmax>
			<ymax>496</ymax>
		</bndbox>
	</object>
	<object>
		<name>axis-3</name>
		<pose>Unspecified</pose>
		<truncated>0</truncated>
		<difficult>0</difficult>
		<bndbox>
			<xmin>375</xmin>
			<ymin>153</ymin>
			<xmax>451</xmax>
			<ymax>527</ymax>
		</bndbox>
	</object>
	<object>
		<name>cap-3</name>
		<pose>Unspecified</pose>
		<truncated>0</truncated>
		<difficult>0</difficult>
		<bndbox>
			<xmin>554</xmin>
			<ymin>131</ymin>
			<xmax>688</xmax>
			<ymax>281</ymax>
		</bndbox>
	</object>
</annotation>
