<annotation>
	<folder>component-1</folder>
	<filename>component-1_53.jpg</filename>
	<path>A:\assemble\component-1\component-1_53.jpg</path>
	<source>
		<database>Unknown</database>
	</source>
	<size>
		<width>800</width>
		<height>600</height>
		<depth>3</depth>
	</size>
	<segmented>0</segmented>
	<object>
		<name>axis-3</name>
		<pose>Unspecified</pose>
		<truncated>0</truncated>
		<difficult>0</difficult>
		<bndbox>
			<xmin>199</xmin>
			<ymin>131</ymin>
			<xmax>523</xmax>
			<ymax>356</ymax>
		</bndbox>
	</object>
	<object>
		<name>bearing-1</name>
		<pose>Unspecified</pose>
		<truncated>0</truncated>
		<difficult>0</difficult>
		<bndbox>
			<xmin>241</xmin>
			<ymin>301</ymin>
			<xmax>348</xmax>
			<ymax>404</ymax>
		</bndbox>
	</object>
</annotation>
