<annotation>
	<folder>component-1</folder>
	<filename>component-1_52.jpg</filename>
	<path>A:\assemble\component-1\component-1_52.jpg</path>
	<source>
		<database>Unknown</database>
	</source>
	<size>
		<width>800</width>
		<height>600</height>
		<depth>3</depth>
	</size>
	<segmented>0</segmented>
	<object>
		<name>axis-3</name>
		<pose>Unspecified</pose>
		<truncated>0</truncated>
		<difficult>0</difficult>
		<bndbox>
			<xmin>196</xmin>
			<ymin>133</ymin>
			<xmax>524</xmax>
			<ymax>355</ymax>
		</bndbox>
	</object>
</annotation>
