<annotation>
	<folder>component-1</folder>
	<filename>component-1_39.jpg</filename>
	<path>A:\assemble\component-1\component-1_39.jpg</path>
	<source>
		<database>Unknown</database>
	</source>
	<size>
		<width>800</width>
		<height>600</height>
		<depth>3</depth>
	</size>
	<segmented>0</segmented>
	<object>
		<name>cap-2</name>
		<pose>Unspecified</pose>
		<truncated>0</truncated>
		<difficult>0</difficult>
		<bndbox>
			<xmin>99</xmin>
			<ymin>67</ymin>
			<xmax>261</xmax>
			<ymax>233</ymax>
		</bndbox>
	</object>
	<object>
		<name>gear-3</name>
		<pose>Unspecified</pose>
		<truncated>0</truncated>
		<difficult>0</difficult>
		<bndbox>
			<xmin>295</xmin>
			<ymin>160</ymin>
			<xmax>526</xmax>
			<ymax>396</ymax>
		</bndbox>
	</object>
</annotation>
