<annotation>
	<folder>component-1</folder>
	<filename>component-1_152.jpg</filename>
	<path>A:\assemble\component-1\component-1_152.jpg</path>
	<source>
		<database>Unknown</database>
	</source>
	<size>
		<width>800</width>
		<height>600</height>
		<depth>3</depth>
	</size>
	<segmented>0</segmented>
	<object>
		<name>cap-1</name>
		<pose>Unspecified</pose>
		<truncated>0</truncated>
		<difficult>0</difficult>
		<bndbox>
			<xmin>416</xmin>
			<ymin>240</ymin>
			<xmax>579</xmax>
			<ymax>403</ymax>
		</bndbox>
	</object>
	<object>
		<name>cap-2</name>
		<pose>Unspecified</pose>
		<truncated>0</truncated>
		<difficult>0</difficult>
		<bndbox>
			<xmin>404</xmin>
			<ymin>431</ymin>
			<xmax>565</xmax>
			<ymax>590</ymax>
		</bndbox>
	</object>
	<object>
		<name>gear-2</name>
		<pose>Unspecified</pose>
		<truncated>0</truncated>
		<difficult>0</difficult>
		<bndbox>
			<xmin>436</xmin>
			<ymin>79</ymin>
			<xmax>588</xmax>
			<ymax>234</ymax>
		</bndbox>
	</object>
	<object>
		<name>bearing-1</name>
		<pose>Unspecified</pose>
		<truncated>0</truncated>
		<difficult>0</difficult>
		<bndbox>
			<xmin>297</xmin>
			<ymin>456</ymin>
			<xmax>386</xmax>
			<ymax>544</ymax>
		</bndbox>
	</object>
	<object>
		<name>bearing-1</name>
		<pose>Unspecified</pose>
		<truncated>0</truncated>
		<difficult>0</difficult>
		<bndbox>
			<xmin>279</xmin>
			<ymin>335</ymin>
			<xmax>381</xmax>
			<ymax>442</ymax>
		</bndbox>
	</object>
</annotation>
