<annotation>
	<folder>component-1</folder>
	<filename>component-1_24.jpg</filename>
	<path>A:\assemble\component-1\component-1_24.jpg</path>
	<source>
		<database>Unknown</database>
	</source>
	<size>
		<width>800</width>
		<height>600</height>
		<depth>3</depth>
	</size>
	<segmented>0</segmented>
	<object>
		<name>cap-1</name>
		<pose>Unspecified</pose>
		<truncated>0</truncated>
		<difficult>0</difficult>
		<bndbox>
			<xmin>439</xmin>
			<ymin>65</ymin>
			<xmax>601</xmax>
			<ymax>229</ymax>
		</bndbox>
	</object>
	<object>
		<name>bearing-1</name>
		<pose>Unspecified</pose>
		<truncated>0</truncated>
		<difficult>0</difficult>
		<bndbox>
			<xmin>259</xmin>
			<ymin>310</ymin>
			<xmax>363</xmax>
			<ymax>412</ymax>
		</bndbox>
	</object>
	<object>
		<name>bearing-1</name>
		<pose>Unspecified</pose>
		<truncated>0</truncated>
		<difficult>0</difficult>
		<bndbox>
			<xmin>172</xmin>
			<ymin>49</ymin>
			<xmax>280</xmax>
			<ymax>154</ymax>
		</bndbox>
	</object>
</annotation>
