<annotation>
	<folder>component-1</folder>
	<filename>component-1_160.jpg</filename>
	<path>A:\assemble\component-1\component-1_160.jpg</path>
	<source>
		<database>Unknown</database>
	</source>
	<size>
		<width>800</width>
		<height>600</height>
		<depth>3</depth>
	</size>
	<segmented>0</segmented>
	<object>
		<name>cap-1</name>
		<pose>Unspecified</pose>
		<truncated>0</truncated>
		<difficult>0</difficult>
		<bndbox>
			<xmin>418</xmin>
			<ymin>239</ymin>
			<xmax>579</xmax>
			<ymax>402</ymax>
		</bndbox>
	</object>
	<object>
		<name>cap-2</name>
		<pose>Unspecified</pose>
		<truncated>0</truncated>
		<difficult>0</difficult>
		<bndbox>
			<xmin>404</xmin>
			<ymin>429</ymin>
			<xmax>566</xmax>
			<ymax>591</ymax>
		</bndbox>
	</object>
	<object>
		<name>gear-2</name>
		<pose>Unspecified</pose>
		<truncated>0</truncated>
		<difficult>0</difficult>
		<bndbox>
			<xmin>436</xmin>
			<ymin>80</ymin>
			<xmax>587</xmax>
			<ymax>235</ymax>
		</bndbox>
	</object>
	<object>
		<name>bearing-1</name>
		<pose>Unspecified</pose>
		<truncated>0</truncated>
		<difficult>0</difficult>
		<bndbox>
			<xmin>297</xmin>
			<ymin>456</ymin>
			<xmax>387</xmax>
			<ymax>543</ymax>
		</bndbox>
	</object>
	<object>
		<name>bearing-1</name>
		<pose>Unspecified</pose>
		<truncated>0</truncated>
		<difficult>0</difficult>
		<bndbox>
			<xmin>217</xmin>
			<ymin>285</ymin>
			<xmax>322</xmax>
			<ymax>387</ymax>
		</bndbox>
	</object>
</annotation>
