<annotation>
	<folder>component-1</folder>
	<filename>component-1_213.jpg</filename>
	<path>A:\assemble\component-1\component-1_213.jpg</path>
	<source>
		<database>Unknown</database>
	</source>
	<size>
		<width>800</width>
		<height>600</height>
		<depth>3</depth>
	</size>
	<segmented>0</segmented>
	<object>
		<name>case-2</name>
		<pose>Unspecified</pose>
		<truncated>0</truncated>
		<difficult>0</difficult>
		<bndbox>
			<xmin>93</xmin>
			<ymin>185</ymin>
			<xmax>702</xmax>
			<ymax>481</ymax>
		</bndbox>
	</object>
</annotation>
