<annotation>
	<folder>component-1</folder>
	<filename>component-1_54.jpg</filename>
	<path>A:\assemble\component-1\component-1_54.jpg</path>
	<source>
		<database>Unknown</database>
	</source>
	<size>
		<width>800</width>
		<height>600</height>
		<depth>3</depth>
	</size>
	<segmented>0</segmented>
	<object>
		<name>axis-3</name>
		<pose>Unspecified</pose>
		<truncated>0</truncated>
		<difficult>0</difficult>
		<bndbox>
			<xmin>196</xmin>
			<ymin>129</ymin>
			<xmax>524</xmax>
			<ymax>359</ymax>
		</bndbox>
	</object>
	<object>
		<name>cap-2</name>
		<pose>Unspecified</pose>
		<truncated>0</truncated>
		<difficult>0</difficult>
		<bndbox>
			<xmin>359</xmin>
			<ymin>51</ymin>
			<xmax>521</xmax>
			<ymax>216</ymax>
		</bndbox>
	</object>
	<object>
		<name>bearing-1</name>
		<pose>Unspecified</pose>
		<truncated>0</truncated>
		<difficult>0</difficult>
		<bndbox>
			<xmin>243</xmin>
			<ymin>302</ymin>
			<xmax>348</xmax>
			<ymax>403</ymax>
		</bndbox>
	</object>
</annotation>
