<annotation>
	<folder>A</folder>
	<filename>11.jpg</filename>
	<path>G:\STEP\A\11.jpg</path>
	<source>
		<database>Unknown</database>
	</source>
	<size>
		<width>416</width>
		<height>416</height>
		<depth>3</depth>
	</size>
	<segmented>0</segmented>
	<object>
		<name>step6</name>
		<pose>Unspecified</pose>
		<truncated>0</truncated>
		<difficult>0</difficult>
		<bndbox>
			<xmin>186</xmin>
			<ymin>74</ymin>
			<xmax>350</xmax>
			<ymax>320</ymax>
		</bndbox>
	</object>
	<object>
		<name>step6_1</name>
		<pose>Unspecified</pose>
		<truncated>0</truncated>
		<difficult>0</difficult>
		<bndbox>
			<xmin>227</xmin>
			<ymin>148</ymin>
			<xmax>299</xmax>
			<ymax>233</ymax>
		</bndbox>
	</object>
</annotation>
