<annotation>
	<folder>A</folder>
	<filename>12.jpg</filename>
	<path>G:\STEP\A\12.jpg</path>
	<source>
		<database>Unknown</database>
	</source>
	<size>
		<width>416</width>
		<height>416</height>
		<depth>3</depth>
	</size>
	<segmented>0</segmented>
	<object>
		<name>step6</name>
		<pose>Unspecified</pose>
		<truncated>0</truncated>
		<difficult>0</difficult>
		<bndbox>
			<xmin>162</xmin>
			<ymin>70</ymin>
			<xmax>347</xmax>
			<ymax>319</ymax>
		</bndbox>
	</object>
	<object>
		<name>step6_1</name>
		<pose>Unspecified</pose>
		<truncated>0</truncated>
		<difficult>0</difficult>
		<bndbox>
			<xmin>227</xmin>
			<ymin>140</ymin>
			<xmax>299</xmax>
			<ymax>235</ymax>
		</bndbox>
	</object>
</annotation>
