<annotation>
	<folder>A</folder>
	<filename>134.jpg</filename>
	<path>G:\STEP\A\134.jpg</path>
	<source>
		<database>Unknown</database>
	</source>
	<size>
		<width>416</width>
		<height>416</height>
		<depth>3</depth>
	</size>
	<segmented>0</segmented>
	<object>
		<name>step6</name>
		<pose>Unspecified</pose>
		<truncated>0</truncated>
		<difficult>0</difficult>
		<bndbox>
			<xmin>146</xmin>
			<ymin>78</ymin>
			<xmax>333</xmax>
			<ymax>330</ymax>
		</bndbox>
	</object>
	<object>
		<name>step6_1</name>
		<pose>Unspecified</pose>
		<truncated>0</truncated>
		<difficult>0</difficult>
		<bndbox>
			<xmin>213</xmin>
			<ymin>153</ymin>
			<xmax>283</xmax>
			<ymax>246</ymax>
		</bndbox>
	</object>
</annotation>
