<annotation>
	<folder>A</folder>
	<filename>14.jpg</filename>
	<path>G:\STEP\A\14.jpg</path>
	<source>
		<database>Unknown</database>
	</source>
	<size>
		<width>416</width>
		<height>416</height>
		<depth>3</depth>
	</size>
	<segmented>0</segmented>
	<object>
		<name>step6</name>
		<pose>Unspecified</pose>
		<truncated>0</truncated>
		<difficult>0</difficult>
		<bndbox>
			<xmin>156</xmin>
			<ymin>73</ymin>
			<xmax>344</xmax>
			<ymax>323</ymax>
		</bndbox>
	</object>
	<object>
		<name>step6_1</name>
		<pose>Unspecified</pose>
		<truncated>0</truncated>
		<difficult>0</difficult>
		<bndbox>
			<xmin>220</xmin>
			<ymin>146</ymin>
			<xmax>291</xmax>
			<ymax>240</ymax>
		</bndbox>
	</object>
</annotation>
