<annotation>
	<folder>A</folder>
	<filename>15.jpg</filename>
	<path>G:\STEP\A\15.jpg</path>
	<source>
		<database>Unknown</database>
	</source>
	<size>
		<width>416</width>
		<height>416</height>
		<depth>3</depth>
	</size>
	<segmented>0</segmented>
	<object>
		<name>step6</name>
		<pose>Unspecified</pose>
		<truncated>0</truncated>
		<difficult>0</difficult>
		<bndbox>
			<xmin>170</xmin>
			<ymin>49</ymin>
			<xmax>357</xmax>
			<ymax>298</ymax>
		</bndbox>
	</object>
	<object>
		<name>step6_1</name>
		<pose>Unspecified</pose>
		<truncated>0</truncated>
		<difficult>0</difficult>
		<bndbox>
			<xmin>234</xmin>
			<ymin>114</ymin>
			<xmax>307</xmax>
			<ymax>209</ymax>
		</bndbox>
	</object>
</annotation>
