<annotation>
	<folder>A</folder>
	<filename>18.jpg</filename>
	<path>G:\STEP\A\18.jpg</path>
	<source>
		<database>Unknown</database>
	</source>
	<size>
		<width>416</width>
		<height>416</height>
		<depth>3</depth>
	</size>
	<segmented>0</segmented>
	<object>
		<name>step6</name>
		<pose>Unspecified</pose>
		<truncated>0</truncated>
		<difficult>0</difficult>
		<bndbox>
			<xmin>98</xmin>
			<ymin>120</ymin>
			<xmax>285</xmax>
			<ymax>373</ymax>
		</bndbox>
	</object>
	<object>
		<name>step6_1</name>
		<pose>Unspecified</pose>
		<truncated>0</truncated>
		<difficult>0</difficult>
		<bndbox>
			<xmin>160</xmin>
			<ymin>201</ymin>
			<xmax>230</xmax>
			<ymax>296</ymax>
		</bndbox>
	</object>
</annotation>
