<annotation>
	<folder>A</folder>
	<filename>19.jpg</filename>
	<path>G:\STEP\A\19.jpg</path>
	<source>
		<database>Unknown</database>
	</source>
	<size>
		<width>416</width>
		<height>416</height>
		<depth>3</depth>
	</size>
	<segmented>0</segmented>
	<object>
		<name>step6</name>
		<pose>Unspecified</pose>
		<truncated>1</truncated>
		<difficult>0</difficult>
		<bndbox>
			<xmin>168</xmin>
			<ymin>180</ymin>
			<xmax>353</xmax>
			<ymax>416</ymax>
		</bndbox>
	</object>
	<object>
		<name>step6_1</name>
		<pose>Unspecified</pose>
		<truncated>0</truncated>
		<difficult>0</difficult>
		<bndbox>
			<xmin>231</xmin>
			<ymin>263</ymin>
			<xmax>304</xmax>
			<ymax>358</ymax>
		</bndbox>
	</object>
</annotation>
