<annotation>
	<folder>A</folder>
	<filename>20.jpg</filename>
	<path>G:\STEP\A\20.jpg</path>
	<source>
		<database>Unknown</database>
	</source>
	<size>
		<width>416</width>
		<height>416</height>
		<depth>3</depth>
	</size>
	<segmented>0</segmented>
	<object>
		<name>step6</name>
		<pose>Unspecified</pose>
		<truncated>0</truncated>
		<difficult>0</difficult>
		<bndbox>
			<xmin>200</xmin>
			<ymin>81</ymin>
			<xmax>386</xmax>
			<ymax>331</ymax>
		</bndbox>
	</object>
	<object>
		<name>step6_1</name>
		<pose>Unspecified</pose>
		<truncated>0</truncated>
		<difficult>0</difficult>
		<bndbox>
			<xmin>268</xmin>
			<ymin>152</ymin>
			<xmax>339</xmax>
			<ymax>247</ymax>
		</bndbox>
	</object>
</annotation>
