<annotation>
	<folder>A</folder>
	<filename>211.jpg</filename>
	<path>G:\STEP\A\211.jpg</path>
	<source>
		<database>Unknown</database>
	</source>
	<size>
		<width>416</width>
		<height>416</height>
		<depth>3</depth>
	</size>
	<segmented>0</segmented>
	<object>
		<name>step6</name>
		<pose>Unspecified</pose>
		<truncated>0</truncated>
		<difficult>0</difficult>
		<bndbox>
			<xmin>144</xmin>
			<ymin>81</ymin>
			<xmax>333</xmax>
			<ymax>336</ymax>
		</bndbox>
	</object>
	<object>
		<name>step6_1</name>
		<pose>Unspecified</pose>
		<truncated>0</truncated>
		<difficult>0</difficult>
		<bndbox>
			<xmin>214</xmin>
			<ymin>163</ymin>
			<xmax>284</xmax>
			<ymax>254</ymax>
		</bndbox>
	</object>
</annotation>
