<annotation>
	<folder>A</folder>
	<filename>213.jpg</filename>
	<path>G:\STEP\A\213.jpg</path>
	<source>
		<database>Unknown</database>
	</source>
	<size>
		<width>416</width>
		<height>416</height>
		<depth>3</depth>
	</size>
	<segmented>0</segmented>
	<object>
		<name>step6</name>
		<pose>Unspecified</pose>
		<truncated>0</truncated>
		<difficult>0</difficult>
		<bndbox>
			<xmin>148</xmin>
			<ymin>84</ymin>
			<xmax>334</xmax>
			<ymax>337</ymax>
		</bndbox>
	</object>
	<object>
		<name>step6_1</name>
		<pose>Unspecified</pose>
		<truncated>0</truncated>
		<difficult>0</difficult>
		<bndbox>
			<xmin>212</xmin>
			<ymin>160</ymin>
			<xmax>283</xmax>
			<ymax>254</ymax>
		</bndbox>
	</object>
</annotation>
