<annotation>
	<folder>A</folder>
	<filename>216.jpg</filename>
	<path>G:\STEP\A\216.jpg</path>
	<source>
		<database>Unknown</database>
	</source>
	<size>
		<width>416</width>
		<height>416</height>
		<depth>3</depth>
	</size>
	<segmented>0</segmented>
	<object>
		<name>step6</name>
		<pose>Unspecified</pose>
		<truncated>0</truncated>
		<difficult>0</difficult>
		<bndbox>
			<xmin>142</xmin>
			<ymin>90</ymin>
			<xmax>330</xmax>
			<ymax>340</ymax>
		</bndbox>
	</object>
	<object>
		<name>step6_1</name>
		<pose>Unspecified</pose>
		<truncated>0</truncated>
		<difficult>0</difficult>
		<bndbox>
			<xmin>209</xmin>
			<ymin>164</ymin>
			<xmax>279</xmax>
			<ymax>258</ymax>
		</bndbox>
	</object>
</annotation>
