<annotation>
	<folder>A</folder>
	<filename>217.jpg</filename>
	<path>G:\STEP\A\217.jpg</path>
	<source>
		<database>Unknown</database>
	</source>
	<size>
		<width>416</width>
		<height>416</height>
		<depth>3</depth>
	</size>
	<segmented>0</segmented>
	<object>
		<name>step6</name>
		<pose>Unspecified</pose>
		<truncated>0</truncated>
		<difficult>0</difficult>
		<bndbox>
			<xmin>143</xmin>
			<ymin>89</ymin>
			<xmax>328</xmax>
			<ymax>340</ymax>
		</bndbox>
	</object>
	<object>
		<name>step6_1</name>
		<pose>Unspecified</pose>
		<truncated>0</truncated>
		<difficult>0</difficult>
		<bndbox>
			<xmin>208</xmin>
			<ymin>164</ymin>
			<xmax>278</xmax>
			<ymax>259</ymax>
		</bndbox>
	</object>
</annotation>
