<annotation>
	<folder>A</folder>
	<filename>241.jpg</filename>
	<path>G:\STEP\A\241.jpg</path>
	<source>
		<database>Unknown</database>
	</source>
	<size>
		<width>416</width>
		<height>416</height>
		<depth>3</depth>
	</size>
	<segmented>0</segmented>
	<object>
		<name>step2</name>
		<pose>Unspecified</pose>
		<truncated>0</truncated>
		<difficult>0</difficult>
		<bndbox>
			<xmin>139</xmin>
			<ymin>93</ymin>
			<xmax>320</xmax>
			<ymax>335</ymax>
		</bndbox>
	</object>
	<object>
		<name>step2_1</name>
		<pose>Unspecified</pose>
		<truncated>0</truncated>
		<difficult>0</difficult>
		<bndbox>
			<xmin>201</xmin>
			<ymin>175</ymin>
			<xmax>260</xmax>
			<ymax>252</ymax>
		</bndbox>
	</object>
</annotation>
