<annotation>
	<folder>A</folder>
	<filename>243.jpg</filename>
	<path>G:\STEP\A\243.jpg</path>
	<source>
		<database>Unknown</database>
	</source>
	<size>
		<width>416</width>
		<height>416</height>
		<depth>3</depth>
	</size>
	<segmented>0</segmented>
	<object>
		<name>step2</name>
		<pose>Unspecified</pose>
		<truncated>0</truncated>
		<difficult>0</difficult>
		<bndbox>
			<xmin>138</xmin>
			<ymin>93</ymin>
			<xmax>320</xmax>
			<ymax>337</ymax>
		</bndbox>
	</object>
	<object>
		<name>step2_1</name>
		<pose>Unspecified</pose>
		<truncated>0</truncated>
		<difficult>0</difficult>
		<bndbox>
			<xmin>199</xmin>
			<ymin>173</ymin>
			<xmax>262</xmax>
			<ymax>256</ymax>
		</bndbox>
	</object>
</annotation>
