<annotation>
	<folder>A</folder>
	<filename>26.jpg</filename>
	<path>G:\STEP\A\26.jpg</path>
	<source>
		<database>Unknown</database>
	</source>
	<size>
		<width>416</width>
		<height>416</height>
		<depth>3</depth>
	</size>
	<segmented>0</segmented>
	<object>
		<name>step6</name>
		<pose>Unspecified</pose>
		<truncated>0</truncated>
		<difficult>0</difficult>
		<bndbox>
			<xmin>189</xmin>
			<ymin>41</ymin>
			<xmax>375</xmax>
			<ymax>289</ymax>
		</bndbox>
	</object>
	<object>
		<name>step6_1</name>
		<pose>Unspecified</pose>
		<truncated>0</truncated>
		<difficult>0</difficult>
		<bndbox>
			<xmin>255</xmin>
			<ymin>108</ymin>
			<xmax>326</xmax>
			<ymax>202</ymax>
		</bndbox>
	</object>
</annotation>
