<annotation>
	<folder>A</folder>
	<filename>27.jpg</filename>
	<path>G:\STEP\A\27.jpg</path>
	<source>
		<database>Unknown</database>
	</source>
	<size>
		<width>416</width>
		<height>416</height>
		<depth>3</depth>
	</size>
	<segmented>0</segmented>
	<object>
		<name>step6</name>
		<pose>Unspecified</pose>
		<truncated>1</truncated>
		<difficult>0</difficult>
		<bndbox>
			<xmin>163</xmin>
			<ymin>1</ymin>
			<xmax>347</xmax>
			<ymax>210</ymax>
		</bndbox>
	</object>
	<object>
		<name>step6_1</name>
		<pose>Unspecified</pose>
		<truncated>0</truncated>
		<difficult>0</difficult>
		<bndbox>
			<xmin>228</xmin>
			<ymin>24</ymin>
			<xmax>298</xmax>
			<ymax>117</ymax>
		</bndbox>
	</object>
</annotation>
