<annotation>
	<folder>A</folder>
	<filename>272.jpg</filename>
	<path>G:\STEP\A\272.jpg</path>
	<source>
		<database>Unknown</database>
	</source>
	<size>
		<width>416</width>
		<height>416</height>
		<depth>3</depth>
	</size>
	<segmented>0</segmented>
	<object>
		<name>step2</name>
		<pose>Unspecified</pose>
		<truncated>0</truncated>
		<difficult>0</difficult>
		<bndbox>
			<xmin>125</xmin>
			<ymin>72</ymin>
			<xmax>306</xmax>
			<ymax>315</ymax>
		</bndbox>
	</object>
	<object>
		<name>step2_1</name>
		<pose>Unspecified</pose>
		<truncated>0</truncated>
		<difficult>0</difficult>
		<bndbox>
			<xmin>187</xmin>
			<ymin>147</ymin>
			<xmax>250</xmax>
			<ymax>234</ymax>
		</bndbox>
	</object>
</annotation>
