<annotation>
	<folder>A</folder>
	<filename>273.jpg</filename>
	<path>G:\STEP\A\273.jpg</path>
	<source>
		<database>Unknown</database>
	</source>
	<size>
		<width>416</width>
		<height>416</height>
		<depth>3</depth>
	</size>
	<segmented>0</segmented>
	<object>
		<name>step2</name>
		<pose>Unspecified</pose>
		<truncated>0</truncated>
		<difficult>0</difficult>
		<bndbox>
			<xmin>124</xmin>
			<ymin>72</ymin>
			<xmax>307</xmax>
			<ymax>312</ymax>
		</bndbox>
	</object>
	<object>
		<name>step2_1</name>
		<pose>Unspecified</pose>
		<truncated>0</truncated>
		<difficult>0</difficult>
		<bndbox>
			<xmin>185</xmin>
			<ymin>150</ymin>
			<xmax>250</xmax>
			<ymax>235</ymax>
		</bndbox>
	</object>
</annotation>
