<annotation>
	<folder>A</folder>
	<filename>274.jpg</filename>
	<path>G:\STEP\A\274.jpg</path>
	<source>
		<database>Unknown</database>
	</source>
	<size>
		<width>416</width>
		<height>416</height>
		<depth>3</depth>
	</size>
	<segmented>0</segmented>
	<object>
		<name>step2</name>
		<pose>Unspecified</pose>
		<truncated>0</truncated>
		<difficult>0</difficult>
		<bndbox>
			<xmin>125</xmin>
			<ymin>72</ymin>
			<xmax>307</xmax>
			<ymax>313</ymax>
		</bndbox>
	</object>
	<object>
		<name>step2_1</name>
		<pose>Unspecified</pose>
		<truncated>0</truncated>
		<difficult>0</difficult>
		<bndbox>
			<xmin>186</xmin>
			<ymin>149</ymin>
			<xmax>251</xmax>
			<ymax>235</ymax>
		</bndbox>
	</object>
</annotation>
