<annotation>
	<folder>A</folder>
	<filename>278.jpg</filename>
	<path>G:\STEP\A\278.jpg</path>
	<source>
		<database>Unknown</database>
	</source>
	<size>
		<width>416</width>
		<height>416</height>
		<depth>3</depth>
	</size>
	<segmented>0</segmented>
	<object>
		<name>step2</name>
		<pose>Unspecified</pose>
		<truncated>0</truncated>
		<difficult>0</difficult>
		<bndbox>
			<xmin>150</xmin>
			<ymin>63</ymin>
			<xmax>332</xmax>
			<ymax>304</ymax>
		</bndbox>
	</object>
	<object>
		<name>step2_1</name>
		<pose>Unspecified</pose>
		<truncated>0</truncated>
		<difficult>0</difficult>
		<bndbox>
			<xmin>211</xmin>
			<ymin>139</ymin>
			<xmax>275</xmax>
			<ymax>226</ymax>
		</bndbox>
	</object>
</annotation>
