<annotation>
	<folder>A</folder>
	<filename>28.jpg</filename>
	<path>G:\STEP\A\28.jpg</path>
	<source>
		<database>Unknown</database>
	</source>
	<size>
		<width>416</width>
		<height>416</height>
		<depth>3</depth>
	</size>
	<segmented>0</segmented>
	<object>
		<name>step6</name>
		<pose>Unspecified</pose>
		<truncated>0</truncated>
		<difficult>0</difficult>
		<bndbox>
			<xmin>138</xmin>
			<ymin>69</ymin>
			<xmax>327</xmax>
			<ymax>318</ymax>
		</bndbox>
	</object>
	<object>
		<name>step6_1</name>
		<pose>Unspecified</pose>
		<truncated>0</truncated>
		<difficult>0</difficult>
		<bndbox>
			<xmin>202</xmin>
			<ymin>137</ymin>
			<xmax>273</xmax>
			<ymax>232</ymax>
		</bndbox>
	</object>
</annotation>
