<annotation>
	<folder>A</folder>
	<filename>280.jpg</filename>
	<path>G:\STEP\A\280.jpg</path>
	<source>
		<database>Unknown</database>
	</source>
	<size>
		<width>416</width>
		<height>416</height>
		<depth>3</depth>
	</size>
	<segmented>0</segmented>
	<object>
		<name>step2</name>
		<pose>Unspecified</pose>
		<truncated>0</truncated>
		<difficult>0</difficult>
		<bndbox>
			<xmin>151</xmin>
			<ymin>65</ymin>
			<xmax>332</xmax>
			<ymax>305</ymax>
		</bndbox>
	</object>
	<object>
		<name>step2_1</name>
		<pose>Unspecified</pose>
		<truncated>0</truncated>
		<difficult>0</difficult>
		<bndbox>
			<xmin>212</xmin>
			<ymin>140</ymin>
			<xmax>277</xmax>
			<ymax>226</ymax>
		</bndbox>
	</object>
</annotation>
