<annotation>
	<folder>A</folder>
	<filename>284.jpg</filename>
	<path>G:\STEP\A\284.jpg</path>
	<source>
		<database>Unknown</database>
	</source>
	<size>
		<width>416</width>
		<height>416</height>
		<depth>3</depth>
	</size>
	<segmented>0</segmented>
	<object>
		<name>step2</name>
		<pose>Unspecified</pose>
		<truncated>0</truncated>
		<difficult>0</difficult>
		<bndbox>
			<xmin>152</xmin>
			<ymin>63</ymin>
			<xmax>333</xmax>
			<ymax>306</ymax>
		</bndbox>
	</object>
	<object>
		<name>step2_1</name>
		<pose>Unspecified</pose>
		<truncated>0</truncated>
		<difficult>0</difficult>
		<bndbox>
			<xmin>213</xmin>
			<ymin>140</ymin>
			<xmax>275</xmax>
			<ymax>225</ymax>
		</bndbox>
	</object>
</annotation>
