<annotation>
	<folder>A</folder>
	<filename>285.jpg</filename>
	<path>G:\STEP\A\285.jpg</path>
	<source>
		<database>Unknown</database>
	</source>
	<size>
		<width>416</width>
		<height>416</height>
		<depth>3</depth>
	</size>
	<segmented>0</segmented>
	<object>
		<name>step2</name>
		<pose>Unspecified</pose>
		<truncated>0</truncated>
		<difficult>0</difficult>
		<bndbox>
			<xmin>162</xmin>
			<ymin>51</ymin>
			<xmax>344</xmax>
			<ymax>293</ymax>
		</bndbox>
	</object>
	<object>
		<name>step2_1</name>
		<pose>Unspecified</pose>
		<truncated>0</truncated>
		<difficult>0</difficult>
		<bndbox>
			<xmin>224</xmin>
			<ymin>126</ymin>
			<xmax>288</xmax>
			<ymax>213</ymax>
		</bndbox>
	</object>
</annotation>
