<annotation>
	<folder>A</folder>
	<filename>287.jpg</filename>
	<path>G:\STEP\A\287.jpg</path>
	<source>
		<database>Unknown</database>
	</source>
	<size>
		<width>416</width>
		<height>416</height>
		<depth>3</depth>
	</size>
	<segmented>0</segmented>
	<object>
		<name>step2</name>
		<pose>Unspecified</pose>
		<truncated>0</truncated>
		<difficult>0</difficult>
		<bndbox>
			<xmin>152</xmin>
			<ymin>46</ymin>
			<xmax>334</xmax>
			<ymax>287</ymax>
		</bndbox>
	</object>
	<object>
		<name>step2_1</name>
		<pose>Unspecified</pose>
		<truncated>0</truncated>
		<difficult>0</difficult>
		<bndbox>
			<xmin>212</xmin>
			<ymin>121</ymin>
			<xmax>277</xmax>
			<ymax>210</ymax>
		</bndbox>
	</object>
</annotation>
