<annotation>
	<folder>A</folder>
	<filename>288.jpg</filename>
	<path>G:\STEP\A\288.jpg</path>
	<source>
		<database>Unknown</database>
	</source>
	<size>
		<width>416</width>
		<height>416</height>
		<depth>3</depth>
	</size>
	<segmented>0</segmented>
	<object>
		<name>step2</name>
		<pose>Unspecified</pose>
		<truncated>0</truncated>
		<difficult>0</difficult>
		<bndbox>
			<xmin>133</xmin>
			<ymin>44</ymin>
			<xmax>317</xmax>
			<ymax>287</ymax>
		</bndbox>
	</object>
	<object>
		<name>step2_1</name>
		<pose>Unspecified</pose>
		<truncated>0</truncated>
		<difficult>0</difficult>
		<bndbox>
			<xmin>193</xmin>
			<ymin>119</ymin>
			<xmax>259</xmax>
			<ymax>208</ymax>
		</bndbox>
	</object>
</annotation>
