<annotation>
	<folder>A</folder>
	<filename>289.jpg</filename>
	<path>G:\STEP\A\289.jpg</path>
	<source>
		<database>Unknown</database>
	</source>
	<size>
		<width>416</width>
		<height>416</height>
		<depth>3</depth>
	</size>
	<segmented>0</segmented>
	<object>
		<name>step2</name>
		<pose>Unspecified</pose>
		<truncated>0</truncated>
		<difficult>0</difficult>
		<bndbox>
			<xmin>131</xmin>
			<ymin>41</ymin>
			<xmax>316</xmax>
			<ymax>283</ymax>
		</bndbox>
	</object>
	<object>
		<name>step2_1</name>
		<pose>Unspecified</pose>
		<truncated>0</truncated>
		<difficult>0</difficult>
		<bndbox>
			<xmin>193</xmin>
			<ymin>117</ymin>
			<xmax>257</xmax>
			<ymax>203</ymax>
		</bndbox>
	</object>
</annotation>
