<annotation>
	<folder>A</folder>
	<filename>291.jpg</filename>
	<path>G:\STEP\A\291.jpg</path>
	<source>
		<database>Unknown</database>
	</source>
	<size>
		<width>416</width>
		<height>416</height>
		<depth>3</depth>
	</size>
	<segmented>0</segmented>
	<object>
		<name>step2</name>
		<pose>Unspecified</pose>
		<truncated>0</truncated>
		<difficult>0</difficult>
		<bndbox>
			<xmin>137</xmin>
			<ymin>39</ymin>
			<xmax>320</xmax>
			<ymax>280</ymax>
		</bndbox>
	</object>
	<object>
		<name>step2_1</name>
		<pose>Unspecified</pose>
		<truncated>0</truncated>
		<difficult>0</difficult>
		<bndbox>
			<xmin>195</xmin>
			<ymin>114</ymin>
			<xmax>262</xmax>
			<ymax>202</ymax>
		</bndbox>
	</object>
</annotation>
