<annotation>
	<folder>A</folder>
	<filename>292.jpg</filename>
	<path>G:\STEP\A\292.jpg</path>
	<source>
		<database>Unknown</database>
	</source>
	<size>
		<width>416</width>
		<height>416</height>
		<depth>3</depth>
	</size>
	<segmented>0</segmented>
	<object>
		<name>step2</name>
		<pose>Unspecified</pose>
		<truncated>0</truncated>
		<difficult>0</difficult>
		<bndbox>
			<xmin>138</xmin>
			<ymin>38</ymin>
			<xmax>322</xmax>
			<ymax>280</ymax>
		</bndbox>
	</object>
	<object>
		<name>step2_1</name>
		<pose>Unspecified</pose>
		<truncated>0</truncated>
		<difficult>0</difficult>
		<bndbox>
			<xmin>200</xmin>
			<ymin>115</ymin>
			<xmax>265</xmax>
			<ymax>199</ymax>
		</bndbox>
	</object>
</annotation>
