<annotation>
	<folder>A</folder>
	<filename>30.jpg</filename>
	<path>G:\STEP\A\30.jpg</path>
	<source>
		<database>Unknown</database>
	</source>
	<size>
		<width>416</width>
		<height>416</height>
		<depth>3</depth>
	</size>
	<segmented>0</segmented>
	<object>
		<name>step6</name>
		<pose>Unspecified</pose>
		<truncated>0</truncated>
		<difficult>0</difficult>
		<bndbox>
			<xmin>137</xmin>
			<ymin>64</ymin>
			<xmax>324</xmax>
			<ymax>315</ymax>
		</bndbox>
	</object>
	<object>
		<name>step6_1</name>
		<pose>Unspecified</pose>
		<truncated>0</truncated>
		<difficult>0</difficult>
		<bndbox>
			<xmin>201</xmin>
			<ymin>132</ymin>
			<xmax>272</xmax>
			<ymax>227</ymax>
		</bndbox>
	</object>
</annotation>
