<annotation>
	<folder>A</folder>
	<filename>306.jpg</filename>
	<path>G:\STEP\A\306.jpg</path>
	<source>
		<database>Unknown</database>
	</source>
	<size>
		<width>416</width>
		<height>416</height>
		<depth>3</depth>
	</size>
	<segmented>0</segmented>
	<object>
		<name>step2</name>
		<pose>Unspecified</pose>
		<truncated>0</truncated>
		<difficult>0</difficult>
		<bndbox>
			<xmin>115</xmin>
			<ymin>66</ymin>
			<xmax>298</xmax>
			<ymax>308</ymax>
		</bndbox>
	</object>
	<object>
		<name>step2_1</name>
		<pose>Unspecified</pose>
		<truncated>0</truncated>
		<difficult>0</difficult>
		<bndbox>
			<xmin>175</xmin>
			<ymin>144</ymin>
			<xmax>240</xmax>
			<ymax>229</ymax>
		</bndbox>
	</object>
</annotation>
