<annotation>
	<folder>A</folder>
	<filename>31.jpg</filename>
	<path>G:\STEP\A\31.jpg</path>
	<source>
		<database>Unknown</database>
	</source>
	<size>
		<width>416</width>
		<height>416</height>
		<depth>3</depth>
	</size>
	<segmented>0</segmented>
	<object>
		<name>step6</name>
		<pose>Unspecified</pose>
		<truncated>0</truncated>
		<difficult>0</difficult>
		<bndbox>
			<xmin>134</xmin>
			<ymin>59</ymin>
			<xmax>325</xmax>
			<ymax>282</ymax>
		</bndbox>
	</object>
	<object>
		<name>step6_1</name>
		<pose>Unspecified</pose>
		<truncated>0</truncated>
		<difficult>0</difficult>
		<bndbox>
			<xmin>198</xmin>
			<ymin>127</ymin>
			<xmax>270</xmax>
			<ymax>211</ymax>
		</bndbox>
	</object>
</annotation>
