<annotation>
	<folder>A</folder>
	<filename>32.jpg</filename>
	<path>G:\STEP\A\32.jpg</path>
	<source>
		<database>Unknown</database>
	</source>
	<size>
		<width>416</width>
		<height>416</height>
		<depth>3</depth>
	</size>
	<segmented>0</segmented>
	<object>
		<name>step6</name>
		<pose>Unspecified</pose>
		<truncated>0</truncated>
		<difficult>0</difficult>
		<bndbox>
			<xmin>135</xmin>
			<ymin>60</ymin>
			<xmax>322</xmax>
			<ymax>285</ymax>
		</bndbox>
	</object>
	<object>
		<name>step6_1</name>
		<pose>Unspecified</pose>
		<truncated>0</truncated>
		<difficult>0</difficult>
		<bndbox>
			<xmin>198</xmin>
			<ymin>126</ymin>
			<xmax>268</xmax>
			<ymax>215</ymax>
		</bndbox>
	</object>
</annotation>
