<annotation>
	<folder>A</folder>
	<filename>33.jpg</filename>
	<path>G:\STEP\A\33.jpg</path>
	<source>
		<database>Unknown</database>
	</source>
	<size>
		<width>416</width>
		<height>416</height>
		<depth>3</depth>
	</size>
	<segmented>0</segmented>
	<object>
		<name>step6</name>
		<pose>Unspecified</pose>
		<truncated>0</truncated>
		<difficult>0</difficult>
		<bndbox>
			<xmin>136</xmin>
			<ymin>59</ymin>
			<xmax>321</xmax>
			<ymax>308</ymax>
		</bndbox>
	</object>
	<object>
		<name>step6_1</name>
		<pose>Unspecified</pose>
		<truncated>0</truncated>
		<difficult>0</difficult>
		<bndbox>
			<xmin>197</xmin>
			<ymin>126</ymin>
			<xmax>268</xmax>
			<ymax>223</ymax>
		</bndbox>
	</object>
</annotation>
