<annotation>
	<folder>A</folder>
	<filename>34.jpg</filename>
	<path>G:\STEP\A\34.jpg</path>
	<source>
		<database>Unknown</database>
	</source>
	<size>
		<width>416</width>
		<height>416</height>
		<depth>3</depth>
	</size>
	<segmented>0</segmented>
	<object>
		<name>step6</name>
		<pose>Unspecified</pose>
		<truncated>0</truncated>
		<difficult>0</difficult>
		<bndbox>
			<xmin>129</xmin>
			<ymin>52</ymin>
			<xmax>316</xmax>
			<ymax>303</ymax>
		</bndbox>
	</object>
	<object>
		<name>step6_1</name>
		<pose>Unspecified</pose>
		<truncated>0</truncated>
		<difficult>0</difficult>
		<bndbox>
			<xmin>193</xmin>
			<ymin>120</ymin>
			<xmax>264</xmax>
			<ymax>215</ymax>
		</bndbox>
	</object>
</annotation>
