<annotation>
	<folder>A</folder>
	<filename>37.jpg</filename>
	<path>G:\STEP\A\37.jpg</path>
	<source>
		<database>Unknown</database>
	</source>
	<size>
		<width>416</width>
		<height>416</height>
		<depth>3</depth>
	</size>
	<segmented>0</segmented>
	<object>
		<name>step6</name>
		<pose>Unspecified</pose>
		<truncated>0</truncated>
		<difficult>0</difficult>
		<bndbox>
			<xmin>127</xmin>
			<ymin>51</ymin>
			<xmax>314</xmax>
			<ymax>301</ymax>
		</bndbox>
	</object>
	<object>
		<name>step6_1</name>
		<pose>Unspecified</pose>
		<truncated>0</truncated>
		<difficult>0</difficult>
		<bndbox>
			<xmin>190</xmin>
			<ymin>118</ymin>
			<xmax>261</xmax>
			<ymax>213</ymax>
		</bndbox>
	</object>
</annotation>
