<annotation>
	<folder>A</folder>
	<filename>380.jpg</filename>
	<path>G:\STEP\A\380.jpg</path>
	<source>
		<database>Unknown</database>
	</source>
	<size>
		<width>416</width>
		<height>416</height>
		<depth>3</depth>
	</size>
	<segmented>0</segmented>
	<object>
		<name>step6</name>
		<pose>Unspecified</pose>
		<truncated>0</truncated>
		<difficult>0</difficult>
		<bndbox>
			<xmin>152</xmin>
			<ymin>84</ymin>
			<xmax>340</xmax>
			<ymax>333</ymax>
		</bndbox>
	</object>
	<object>
		<name>step6_1</name>
		<pose>Unspecified</pose>
		<truncated>0</truncated>
		<difficult>0</difficult>
		<bndbox>
			<xmin>217</xmin>
			<ymin>160</ymin>
			<xmax>287</xmax>
			<ymax>254</ymax>
		</bndbox>
	</object>
</annotation>
