<annotation>
	<folder>A</folder>
	<filename>39.jpg</filename>
	<path>G:\STEP\A\39.jpg</path>
	<source>
		<database>Unknown</database>
	</source>
	<size>
		<width>416</width>
		<height>416</height>
		<depth>3</depth>
	</size>
	<segmented>0</segmented>
	<object>
		<name>step6</name>
		<pose>Unspecified</pose>
		<truncated>0</truncated>
		<difficult>0</difficult>
		<bndbox>
			<xmin>150</xmin>
			<ymin>69</ymin>
			<xmax>335</xmax>
			<ymax>318</ymax>
		</bndbox>
	</object>
	<object>
		<name>step6_1</name>
		<pose>Unspecified</pose>
		<truncated>0</truncated>
		<difficult>0</difficult>
		<bndbox>
			<xmin>212</xmin>
			<ymin>138</ymin>
			<xmax>283</xmax>
			<ymax>234</ymax>
		</bndbox>
	</object>
</annotation>
