<annotation>
	<folder>A</folder>
	<filename>40.jpg</filename>
	<path>G:\STEP\A\40.jpg</path>
	<source>
		<database>Unknown</database>
	</source>
	<size>
		<width>416</width>
		<height>416</height>
		<depth>3</depth>
	</size>
	<segmented>0</segmented>
	<object>
		<name>step6</name>
		<pose>Unspecified</pose>
		<truncated>0</truncated>
		<difficult>0</difficult>
		<bndbox>
			<xmin>128</xmin>
			<ymin>55</ymin>
			<xmax>316</xmax>
			<ymax>304</ymax>
		</bndbox>
	</object>
	<object>
		<name>step6_1</name>
		<pose>Unspecified</pose>
		<truncated>0</truncated>
		<difficult>0</difficult>
		<bndbox>
			<xmin>193</xmin>
			<ymin>124</ymin>
			<xmax>265</xmax>
			<ymax>220</ymax>
		</bndbox>
	</object>
</annotation>
