<annotation>
	<folder>A</folder>
	<filename>424.jpg</filename>
	<path>G:\STEP\A\424.jpg</path>
	<source>
		<database>Unknown</database>
	</source>
	<size>
		<width>416</width>
		<height>416</height>
		<depth>3</depth>
	</size>
	<segmented>0</segmented>
	<object>
		<name>step2</name>
		<pose>Unspecified</pose>
		<truncated>0</truncated>
		<difficult>0</difficult>
		<bndbox>
			<xmin>135</xmin>
			<ymin>101</ymin>
			<xmax>318</xmax>
			<ymax>343</ymax>
		</bndbox>
	</object>
	<object>
		<name>step2_1</name>
		<pose>Unspecified</pose>
		<truncated>0</truncated>
		<difficult>0</difficult>
		<bndbox>
			<xmin>198</xmin>
			<ymin>180</ymin>
			<xmax>261</xmax>
			<ymax>264</ymax>
		</bndbox>
	</object>
</annotation>
