<annotation>
	<folder>A</folder>
	<filename>425.jpg</filename>
	<path>G:\STEP\A\425.jpg</path>
	<source>
		<database>Unknown</database>
	</source>
	<size>
		<width>416</width>
		<height>416</height>
		<depth>3</depth>
	</size>
	<segmented>0</segmented>
	<object>
		<name>step2</name>
		<pose>Unspecified</pose>
		<truncated>0</truncated>
		<difficult>0</difficult>
		<bndbox>
			<xmin>165</xmin>
			<ymin>86</ymin>
			<xmax>346</xmax>
			<ymax>329</ymax>
		</bndbox>
	</object>
	<object>
		<name>step2_1</name>
		<pose>Unspecified</pose>
		<truncated>0</truncated>
		<difficult>0</difficult>
		<bndbox>
			<xmin>226</xmin>
			<ymin>163</ymin>
			<xmax>291</xmax>
			<ymax>250</ymax>
		</bndbox>
	</object>
</annotation>
