<annotation>
	<folder>A</folder>
	<filename>426.jpg</filename>
	<path>G:\STEP\A\426.jpg</path>
	<source>
		<database>Unknown</database>
	</source>
	<size>
		<width>416</width>
		<height>416</height>
		<depth>3</depth>
	</size>
	<segmented>0</segmented>
	<object>
		<name>step2</name>
		<pose>Unspecified</pose>
		<truncated>0</truncated>
		<difficult>0</difficult>
		<bndbox>
			<xmin>148</xmin>
			<ymin>57</ymin>
			<xmax>331</xmax>
			<ymax>301</ymax>
		</bndbox>
	</object>
	<object>
		<name>step2_1</name>
		<pose>Unspecified</pose>
		<truncated>0</truncated>
		<difficult>0</difficult>
		<bndbox>
			<xmin>209</xmin>
			<ymin>135</ymin>
			<xmax>271</xmax>
			<ymax>219</ymax>
		</bndbox>
	</object>
</annotation>
