<annotation>
	<folder>A</folder>
	<filename>5011.jpg</filename>
	<path>G:\STEP\A\5011.jpg</path>
	<source>
		<database>Unknown</database>
	</source>
	<size>
		<width>416</width>
		<height>416</height>
		<depth>3</depth>
	</size>
	<segmented>0</segmented>
	<object>
		<name>step6</name>
		<pose>Unspecified</pose>
		<truncated>0</truncated>
		<difficult>0</difficult>
		<bndbox>
			<xmin>137</xmin>
			<ymin>116</ymin>
			<xmax>327</xmax>
			<ymax>366</ymax>
		</bndbox>
	</object>
	<object>
		<name>step6_1</name>
		<pose>Unspecified</pose>
		<truncated>0</truncated>
		<difficult>0</difficult>
		<bndbox>
			<xmin>202</xmin>
			<ymin>194</ymin>
			<xmax>271</xmax>
			<ymax>288</ymax>
		</bndbox>
	</object>
</annotation>
