<annotation>
	<folder>A</folder>
	<filename>5013.jpg</filename>
	<path>G:\STEP\A\5013.jpg</path>
	<source>
		<database>Unknown</database>
	</source>
	<size>
		<width>416</width>
		<height>416</height>
		<depth>3</depth>
	</size>
	<segmented>0</segmented>
	<object>
		<name>step6</name>
		<pose>Unspecified</pose>
		<truncated>0</truncated>
		<difficult>0</difficult>
		<bndbox>
			<xmin>138</xmin>
			<ymin>116</ymin>
			<xmax>326</xmax>
			<ymax>365</ymax>
		</bndbox>
	</object>
	<object>
		<name>step6_1</name>
		<pose>Unspecified</pose>
		<truncated>0</truncated>
		<difficult>0</difficult>
		<bndbox>
			<xmin>201</xmin>
			<ymin>193</ymin>
			<xmax>271</xmax>
			<ymax>288</ymax>
		</bndbox>
	</object>
</annotation>
