<annotation>
	<folder>A</folder>
	<filename>5015.jpg</filename>
	<path>G:\STEP\A\5015.jpg</path>
	<source>
		<database>Unknown</database>
	</source>
	<size>
		<width>416</width>
		<height>416</height>
		<depth>3</depth>
	</size>
	<segmented>0</segmented>
	<object>
		<name>step6</name>
		<pose>Unspecified</pose>
		<truncated>0</truncated>
		<difficult>0</difficult>
		<bndbox>
			<xmin>185</xmin>
			<ymin>93</ymin>
			<xmax>372</xmax>
			<ymax>343</ymax>
		</bndbox>
	</object>
	<object>
		<name>step6_1</name>
		<pose>Unspecified</pose>
		<truncated>0</truncated>
		<difficult>0</difficult>
		<bndbox>
			<xmin>253</xmin>
			<ymin>168</ymin>
			<xmax>322</xmax>
			<ymax>264</ymax>
		</bndbox>
	</object>
</annotation>
