<annotation>
	<folder>A</folder>
	<filename>5018.jpg</filename>
	<path>G:\STEP\A\5018.jpg</path>
	<source>
		<database>Unknown</database>
	</source>
	<size>
		<width>416</width>
		<height>416</height>
		<depth>3</depth>
	</size>
	<segmented>0</segmented>
	<object>
		<name>step6</name>
		<pose>Unspecified</pose>
		<truncated>1</truncated>
		<difficult>0</difficult>
		<bndbox>
			<xmin>107</xmin>
			<ymin>195</ymin>
			<xmax>295</xmax>
			<ymax>416</ymax>
		</bndbox>
	</object>
	<object>
		<name>step6_1</name>
		<pose>Unspecified</pose>
		<truncated>0</truncated>
		<difficult>0</difficult>
		<bndbox>
			<xmin>169</xmin>
			<ymin>285</ymin>
			<xmax>238</xmax>
			<ymax>379</ymax>
		</bndbox>
	</object>
</annotation>
