<annotation>
	<folder>A</folder>
	<filename>5019.jpg</filename>
	<path>G:\STEP\A\5019.jpg</path>
	<source>
		<database>Unknown</database>
	</source>
	<size>
		<width>416</width>
		<height>416</height>
		<depth>3</depth>
	</size>
	<segmented>0</segmented>
	<object>
		<name>step6</name>
		<pose>Unspecified</pose>
		<truncated>0</truncated>
		<difficult>0</difficult>
		<bndbox>
			<xmin>150</xmin>
			<ymin>90</ymin>
			<xmax>338</xmax>
			<ymax>341</ymax>
		</bndbox>
	</object>
	<object>
		<name>step6_1</name>
		<pose>Unspecified</pose>
		<truncated>0</truncated>
		<difficult>0</difficult>
		<bndbox>
			<xmin>216</xmin>
			<ymin>166</ymin>
			<xmax>287</xmax>
			<ymax>260</ymax>
		</bndbox>
	</object>
</annotation>
