<annotation>
	<folder>A</folder>
	<filename>5020.jpg</filename>
	<path>G:\STEP\A\5020.jpg</path>
	<source>
		<database>Unknown</database>
	</source>
	<size>
		<width>416</width>
		<height>416</height>
		<depth>3</depth>
	</size>
	<segmented>0</segmented>
	<object>
		<name>step6</name>
		<pose>Unspecified</pose>
		<truncated>0</truncated>
		<difficult>0</difficult>
		<bndbox>
			<xmin>210</xmin>
			<ymin>115</ymin>
			<xmax>397</xmax>
			<ymax>365</ymax>
		</bndbox>
	</object>
	<object>
		<name>step6_1</name>
		<pose>Unspecified</pose>
		<truncated>0</truncated>
		<difficult>0</difficult>
		<bndbox>
			<xmin>279</xmin>
			<ymin>193</ymin>
			<xmax>349</xmax>
			<ymax>288</ymax>
		</bndbox>
	</object>
</annotation>
