<annotation>
	<folder>A</folder>
	<filename>5022.jpg</filename>
	<path>G:\STEP\A\5022.jpg</path>
	<source>
		<database>Unknown</database>
	</source>
	<size>
		<width>416</width>
		<height>416</height>
		<depth>3</depth>
	</size>
	<segmented>0</segmented>
	<object>
		<name>step6</name>
		<pose>Unspecified</pose>
		<truncated>0</truncated>
		<difficult>0</difficult>
		<bndbox>
			<xmin>162</xmin>
			<ymin>40</ymin>
			<xmax>348</xmax>
			<ymax>290</ymax>
		</bndbox>
	</object>
	<object>
		<name>step6_1</name>
		<pose>Unspecified</pose>
		<truncated>0</truncated>
		<difficult>0</difficult>
		<bndbox>
			<xmin>227</xmin>
			<ymin>108</ymin>
			<xmax>297</xmax>
			<ymax>202</ymax>
		</bndbox>
	</object>
</annotation>
