<annotation>
	<folder>A</folder>
	<filename>5026.jpg</filename>
	<path>G:\STEP\A\5026.jpg</path>
	<source>
		<database>Unknown</database>
	</source>
	<size>
		<width>416</width>
		<height>416</height>
		<depth>3</depth>
	</size>
	<segmented>0</segmented>
	<object>
		<name>step6</name>
		<pose>Unspecified</pose>
		<truncated>0</truncated>
		<difficult>0</difficult>
		<bndbox>
			<xmin>204</xmin>
			<ymin>70</ymin>
			<xmax>390</xmax>
			<ymax>318</ymax>
		</bndbox>
	</object>
	<object>
		<name>step6_1</name>
		<pose>Unspecified</pose>
		<truncated>0</truncated>
		<difficult>0</difficult>
		<bndbox>
			<xmin>274</xmin>
			<ymin>143</ymin>
			<xmax>344</xmax>
			<ymax>239</ymax>
		</bndbox>
	</object>
</annotation>
