<annotation>
	<folder>A</folder>
	<filename>5027.jpg</filename>
	<path>G:\STEP\A\5027.jpg</path>
	<source>
		<database>Unknown</database>
	</source>
	<size>
		<width>416</width>
		<height>416</height>
		<depth>3</depth>
	</size>
	<segmented>0</segmented>
	<object>
		<name>step6</name>
		<pose>Unspecified</pose>
		<truncated>0</truncated>
		<difficult>0</difficult>
		<bndbox>
			<xmin>183</xmin>
			<ymin>101</ymin>
			<xmax>370</xmax>
			<ymax>353</ymax>
		</bndbox>
	</object>
	<object>
		<name>step6_1</name>
		<pose>Unspecified</pose>
		<truncated>0</truncated>
		<difficult>0</difficult>
		<bndbox>
			<xmin>249</xmin>
			<ymin>179</ymin>
			<xmax>321</xmax>
			<ymax>275</ymax>
		</bndbox>
	</object>
</annotation>
