<annotation>
	<folder>A</folder>
	<filename>503.jpg</filename>
	<path>G:\STEP\A\503.jpg</path>
	<source>
		<database>Unknown</database>
	</source>
	<size>
		<width>416</width>
		<height>416</height>
		<depth>3</depth>
	</size>
	<segmented>0</segmented>
	<object>
		<name>step6</name>
		<pose>Unspecified</pose>
		<truncated>0</truncated>
		<difficult>0</difficult>
		<bndbox>
			<xmin>147</xmin>
			<ymin>92</ymin>
			<xmax>333</xmax>
			<ymax>342</ymax>
		</bndbox>
	</object>
	<object>
		<name>step6_1</name>
		<pose>Unspecified</pose>
		<truncated>0</truncated>
		<difficult>0</difficult>
		<bndbox>
			<xmin>211</xmin>
			<ymin>169</ymin>
			<xmax>280</xmax>
			<ymax>263</ymax>
		</bndbox>
	</object>
</annotation>
