<annotation>
	<folder>A</folder>
	<filename>5030.jpg</filename>
	<path>G:\STEP\A\5030.jpg</path>
	<source>
		<database>Unknown</database>
	</source>
	<size>
		<width>416</width>
		<height>416</height>
		<depth>3</depth>
	</size>
	<segmented>0</segmented>
	<object>
		<name>step6</name>
		<pose>Unspecified</pose>
		<truncated>0</truncated>
		<difficult>0</difficult>
		<bndbox>
			<xmin>83</xmin>
			<ymin>129</ymin>
			<xmax>273</xmax>
			<ymax>381</ymax>
		</bndbox>
	</object>
	<object>
		<name>step6_1</name>
		<pose>Unspecified</pose>
		<truncated>0</truncated>
		<difficult>0</difficult>
		<bndbox>
			<xmin>145</xmin>
			<ymin>212</ymin>
			<xmax>216</xmax>
			<ymax>308</ymax>
		</bndbox>
	</object>
</annotation>
