<annotation>
	<folder>A</folder>
	<filename>5033.jpg</filename>
	<path>G:\STEP\A\5033.jpg</path>
	<source>
		<database>Unknown</database>
	</source>
	<size>
		<width>416</width>
		<height>416</height>
		<depth>3</depth>
	</size>
	<segmented>0</segmented>
	<object>
		<name>step6</name>
		<pose>Unspecified</pose>
		<truncated>0</truncated>
		<difficult>0</difficult>
		<bndbox>
			<xmin>134</xmin>
			<ymin>145</ymin>
			<xmax>322</xmax>
			<ymax>396</ymax>
		</bndbox>
	</object>
	<object>
		<name>step6_1</name>
		<pose>Unspecified</pose>
		<truncated>0</truncated>
		<difficult>0</difficult>
		<bndbox>
			<xmin>197</xmin>
			<ymin>230</ymin>
			<xmax>267</xmax>
			<ymax>325</ymax>
		</bndbox>
	</object>
</annotation>
