<annotation>
	<folder>A</folder>
	<filename>5034.jpg</filename>
	<path>G:\STEP\A\5034.jpg</path>
	<source>
		<database>Unknown</database>
	</source>
	<size>
		<width>416</width>
		<height>416</height>
		<depth>3</depth>
	</size>
	<segmented>0</segmented>
	<object>
		<name>step6</name>
		<pose>Unspecified</pose>
		<truncated>0</truncated>
		<difficult>0</difficult>
		<bndbox>
			<xmin>197</xmin>
			<ymin>105</ymin>
			<xmax>383</xmax>
			<ymax>355</ymax>
		</bndbox>
	</object>
	<object>
		<name>step6_1</name>
		<pose>Unspecified</pose>
		<truncated>0</truncated>
		<difficult>0</difficult>
		<bndbox>
			<xmin>264</xmin>
			<ymin>183</ymin>
			<xmax>335</xmax>
			<ymax>278</ymax>
		</bndbox>
	</object>
</annotation>
