<annotation>
	<folder>A</folder>
	<filename>5037.jpg</filename>
	<path>G:\STEP\A\5037.jpg</path>
	<source>
		<database>Unknown</database>
	</source>
	<size>
		<width>416</width>
		<height>416</height>
		<depth>3</depth>
	</size>
	<segmented>0</segmented>
	<object>
		<name>step6</name>
		<pose>Unspecified</pose>
		<truncated>0</truncated>
		<difficult>0</difficult>
		<bndbox>
			<xmin>135</xmin>
			<ymin>167</ymin>
			<xmax>323</xmax>
			<ymax>415</ymax>
		</bndbox>
	</object>
	<object>
		<name>step6_1</name>
		<pose>Unspecified</pose>
		<truncated>0</truncated>
		<difficult>0</difficult>
		<bndbox>
			<xmin>196</xmin>
			<ymin>253</ymin>
			<xmax>268</xmax>
			<ymax>347</ymax>
		</bndbox>
	</object>
</annotation>
