<annotation>
	<folder>A</folder>
	<filename>5038.jpg</filename>
	<path>G:\STEP\A\5038.jpg</path>
	<source>
		<database>Unknown</database>
	</source>
	<size>
		<width>416</width>
		<height>416</height>
		<depth>3</depth>
	</size>
	<segmented>0</segmented>
	<object>
		<name>step6</name>
		<pose>Unspecified</pose>
		<truncated>0</truncated>
		<difficult>0</difficult>
		<bndbox>
			<xmin>146</xmin>
			<ymin>22</ymin>
			<xmax>331</xmax>
			<ymax>270</ymax>
		</bndbox>
	</object>
	<object>
		<name>step6_1</name>
		<pose>Unspecified</pose>
		<truncated>0</truncated>
		<difficult>0</difficult>
		<bndbox>
			<xmin>210</xmin>
			<ymin>88</ymin>
			<xmax>279</xmax>
			<ymax>184</ymax>
		</bndbox>
	</object>
</annotation>
