<annotation>
	<folder>A</folder>
	<filename>5039.jpg</filename>
	<path>G:\STEP\A\5039.jpg</path>
	<source>
		<database>Unknown</database>
	</source>
	<size>
		<width>416</width>
		<height>416</height>
		<depth>3</depth>
	</size>
	<segmented>0</segmented>
	<object>
		<name>step6</name>
		<pose>Unspecified</pose>
		<truncated>0</truncated>
		<difficult>0</difficult>
		<bndbox>
			<xmin>95</xmin>
			<ymin>79</ymin>
			<xmax>283</xmax>
			<ymax>329</ymax>
		</bndbox>
	</object>
	<object>
		<name>step6_1</name>
		<pose>Unspecified</pose>
		<truncated>0</truncated>
		<difficult>0</difficult>
		<bndbox>
			<xmin>158</xmin>
			<ymin>152</ymin>
			<xmax>228</xmax>
			<ymax>245</ymax>
		</bndbox>
	</object>
</annotation>
