<annotation>
	<folder>A</folder>
	<filename>5040.jpg</filename>
	<path>G:\STEP\A\5040.jpg</path>
	<source>
		<database>Unknown</database>
	</source>
	<size>
		<width>416</width>
		<height>416</height>
		<depth>3</depth>
	</size>
	<segmented>0</segmented>
	<object>
		<name>step6</name>
		<pose>Unspecified</pose>
		<truncated>0</truncated>
		<difficult>0</difficult>
		<bndbox>
			<xmin>164</xmin>
			<ymin>112</ymin>
			<xmax>350</xmax>
			<ymax>363</ymax>
		</bndbox>
	</object>
	<object>
		<name>step6_1</name>
		<pose>Unspecified</pose>
		<truncated>0</truncated>
		<difficult>0</difficult>
		<bndbox>
			<xmin>231</xmin>
			<ymin>190</ymin>
			<xmax>302</xmax>
			<ymax>284</ymax>
		</bndbox>
	</object>
</annotation>
