<annotation>
	<folder>A</folder>
	<filename>5041.jpg</filename>
	<path>G:\STEP\A\5041.jpg</path>
	<source>
		<database>Unknown</database>
	</source>
	<size>
		<width>416</width>
		<height>416</height>
		<depth>3</depth>
	</size>
	<segmented>0</segmented>
	<object>
		<name>step6</name>
		<pose>Unspecified</pose>
		<truncated>0</truncated>
		<difficult>0</difficult>
		<bndbox>
			<xmin>106</xmin>
			<ymin>26</ymin>
			<xmax>295</xmax>
			<ymax>274</ymax>
		</bndbox>
	</object>
	<object>
		<name>step6_1</name>
		<pose>Unspecified</pose>
		<truncated>0</truncated>
		<difficult>0</difficult>
		<bndbox>
			<xmin>171</xmin>
			<ymin>92</ymin>
			<xmax>241</xmax>
			<ymax>187</ymax>
		</bndbox>
	</object>
</annotation>
