<annotation>
	<folder>A</folder>
	<filename>5043.jpg</filename>
	<path>G:\STEP\A\5043.jpg</path>
	<source>
		<database>Unknown</database>
	</source>
	<size>
		<width>416</width>
		<height>416</height>
		<depth>3</depth>
	</size>
	<segmented>0</segmented>
	<object>
		<name>step6</name>
		<pose>Unspecified</pose>
		<truncated>1</truncated>
		<difficult>0</difficult>
		<bndbox>
			<xmin>144</xmin>
			<ymin>1</ymin>
			<xmax>329</xmax>
			<ymax>233</ymax>
		</bndbox>
	</object>
	<object>
		<name>step6_1</name>
		<pose>Unspecified</pose>
		<truncated>0</truncated>
		<difficult>0</difficult>
		<bndbox>
			<xmin>208</xmin>
			<ymin>51</ymin>
			<xmax>277</xmax>
			<ymax>144</ymax>
		</bndbox>
	</object>
</annotation>
