<annotation>
	<folder>A</folder>
	<filename>5044.jpg</filename>
	<path>G:\STEP\A\5044.jpg</path>
	<source>
		<database>Unknown</database>
	</source>
	<size>
		<width>416</width>
		<height>416</height>
		<depth>3</depth>
	</size>
	<segmented>0</segmented>
	<object>
		<name>step6</name>
		<pose>Unspecified</pose>
		<truncated>0</truncated>
		<difficult>0</difficult>
		<bndbox>
			<xmin>83</xmin>
			<ymin>35</ymin>
			<xmax>271</xmax>
			<ymax>285</ymax>
		</bndbox>
	</object>
	<object>
		<name>step6_1</name>
		<pose>Unspecified</pose>
		<truncated>0</truncated>
		<difficult>0</difficult>
		<bndbox>
			<xmin>144</xmin>
			<ymin>105</ymin>
			<xmax>214</xmax>
			<ymax>200</ymax>
		</bndbox>
	</object>
</annotation>
