<annotation>
	<folder>A</folder>
	<filename>5045.jpg</filename>
	<path>G:\STEP\A\5045.jpg</path>
	<source>
		<database>Unknown</database>
	</source>
	<size>
		<width>416</width>
		<height>416</height>
		<depth>3</depth>
	</size>
	<segmented>0</segmented>
	<object>
		<name>step6</name>
		<pose>Unspecified</pose>
		<truncated>1</truncated>
		<difficult>0</difficult>
		<bndbox>
			<xmin>98</xmin>
			<ymin>163</ymin>
			<xmax>286</xmax>
			<ymax>416</ymax>
		</bndbox>
	</object>
	<object>
		<name>step6_1</name>
		<pose>Unspecified</pose>
		<truncated>0</truncated>
		<difficult>0</difficult>
		<bndbox>
			<xmin>159</xmin>
			<ymin>251</ymin>
			<xmax>231</xmax>
			<ymax>347</ymax>
		</bndbox>
	</object>
</annotation>
