<annotation>
	<folder>A</folder>
	<filename>5046.jpg</filename>
	<path>G:\STEP\A\5046.jpg</path>
	<source>
		<database>Unknown</database>
	</source>
	<size>
		<width>416</width>
		<height>416</height>
		<depth>3</depth>
	</size>
	<segmented>0</segmented>
	<object>
		<name>step6</name>
		<pose>Unspecified</pose>
		<truncated>0</truncated>
		<difficult>0</difficult>
		<bndbox>
			<xmin>176</xmin>
			<ymin>82</ymin>
			<xmax>364</xmax>
			<ymax>331</ymax>
		</bndbox>
	</object>
	<object>
		<name>step6_1</name>
		<pose>Unspecified</pose>
		<truncated>0</truncated>
		<difficult>0</difficult>
		<bndbox>
			<xmin>244</xmin>
			<ymin>157</ymin>
			<xmax>315</xmax>
			<ymax>252</ymax>
		</bndbox>
	</object>
</annotation>
