<annotation>
	<folder>A</folder>
	<filename>5047.jpg</filename>
	<path>G:\STEP\A\5047.jpg</path>
	<source>
		<database>Unknown</database>
	</source>
	<size>
		<width>416</width>
		<height>416</height>
		<depth>3</depth>
	</size>
	<segmented>0</segmented>
	<object>
		<name>step6</name>
		<pose>Unspecified</pose>
		<truncated>0</truncated>
		<difficult>0</difficult>
		<bndbox>
			<xmin>110</xmin>
			<ymin>102</ymin>
			<xmax>298</xmax>
			<ymax>354</ymax>
		</bndbox>
	</object>
	<object>
		<name>step6_1</name>
		<pose>Unspecified</pose>
		<truncated>0</truncated>
		<difficult>0</difficult>
		<bndbox>
			<xmin>174</xmin>
			<ymin>183</ymin>
			<xmax>244</xmax>
			<ymax>276</ymax>
		</bndbox>
	</object>
</annotation>
