<annotation>
	<folder>A</folder>
	<filename>5048.jpg</filename>
	<path>G:\STEP\A\5048.jpg</path>
	<source>
		<database>Unknown</database>
	</source>
	<size>
		<width>416</width>
		<height>416</height>
		<depth>3</depth>
	</size>
	<segmented>0</segmented>
	<object>
		<name>step6</name>
		<pose>Unspecified</pose>
		<truncated>0</truncated>
		<difficult>0</difficult>
		<bndbox>
			<xmin>155</xmin>
			<ymin>11</ymin>
			<xmax>343</xmax>
			<ymax>260</ymax>
		</bndbox>
	</object>
	<object>
		<name>step6_1</name>
		<pose>Unspecified</pose>
		<truncated>0</truncated>
		<difficult>0</difficult>
		<bndbox>
			<xmin>223</xmin>
			<ymin>76</ymin>
			<xmax>292</xmax>
			<ymax>172</ymax>
		</bndbox>
	</object>
</annotation>
