<annotation>
	<folder>A</folder>
	<filename>5049.jpg</filename>
	<path>G:\STEP\A\5049.jpg</path>
	<source>
		<database>Unknown</database>
	</source>
	<size>
		<width>416</width>
		<height>416</height>
		<depth>3</depth>
	</size>
	<segmented>0</segmented>
	<object>
		<name>step6</name>
		<pose>Unspecified</pose>
		<truncated>0</truncated>
		<difficult>0</difficult>
		<bndbox>
			<xmin>121</xmin>
			<ymin>44</ymin>
			<xmax>308</xmax>
			<ymax>291</ymax>
		</bndbox>
	</object>
	<object>
		<name>step6_1</name>
		<pose>Unspecified</pose>
		<truncated>0</truncated>
		<difficult>0</difficult>
		<bndbox>
			<xmin>185</xmin>
			<ymin>112</ymin>
			<xmax>256</xmax>
			<ymax>207</ymax>
		</bndbox>
	</object>
</annotation>
