<annotation>
	<folder>A</folder>
	<filename>5050.jpg</filename>
	<path>G:\STEP\A\5050.jpg</path>
	<source>
		<database>Unknown</database>
	</source>
	<size>
		<width>416</width>
		<height>416</height>
		<depth>3</depth>
	</size>
	<segmented>0</segmented>
	<object>
		<name>step6</name>
		<pose>Unspecified</pose>
		<truncated>0</truncated>
		<difficult>0</difficult>
		<bndbox>
			<xmin>110</xmin>
			<ymin>84</ymin>
			<xmax>298</xmax>
			<ymax>334</ymax>
		</bndbox>
	</object>
	<object>
		<name>step6_1</name>
		<pose>Unspecified</pose>
		<truncated>0</truncated>
		<difficult>0</difficult>
		<bndbox>
			<xmin>175</xmin>
			<ymin>160</ymin>
			<xmax>246</xmax>
			<ymax>254</ymax>
		</bndbox>
	</object>
</annotation>
