<annotation>
	<folder>A</folder>
	<filename>5051.jpg</filename>
	<path>G:\STEP\A\5051.jpg</path>
	<source>
		<database>Unknown</database>
	</source>
	<size>
		<width>416</width>
		<height>416</height>
		<depth>3</depth>
	</size>
	<segmented>0</segmented>
	<object>
		<name>step6</name>
		<pose>Unspecified</pose>
		<truncated>0</truncated>
		<difficult>0</difficult>
		<bndbox>
			<xmin>131</xmin>
			<ymin>44</ymin>
			<xmax>319</xmax>
			<ymax>294</ymax>
		</bndbox>
	</object>
	<object>
		<name>step6_1</name>
		<pose>Unspecified</pose>
		<truncated>0</truncated>
		<difficult>0</difficult>
		<bndbox>
			<xmin>194</xmin>
			<ymin>116</ymin>
			<xmax>265</xmax>
			<ymax>210</ymax>
		</bndbox>
	</object>
</annotation>
