<annotation>
	<folder>A</folder>
	<filename>5052.jpg</filename>
	<path>G:\STEP\A\5052.jpg</path>
	<source>
		<database>Unknown</database>
	</source>
	<size>
		<width>416</width>
		<height>416</height>
		<depth>3</depth>
	</size>
	<segmented>0</segmented>
	<object>
		<name>step6</name>
		<pose>Unspecified</pose>
		<truncated>0</truncated>
		<difficult>0</difficult>
		<bndbox>
			<xmin>132</xmin>
			<ymin>46</ymin>
			<xmax>319</xmax>
			<ymax>294</ymax>
		</bndbox>
	</object>
	<object>
		<name>step6_1</name>
		<pose>Unspecified</pose>
		<truncated>0</truncated>
		<difficult>0</difficult>
		<bndbox>
			<xmin>194</xmin>
			<ymin>115</ymin>
			<xmax>264</xmax>
			<ymax>211</ymax>
		</bndbox>
	</object>
</annotation>
